Title,Company,Location,DatePosted
Data Analyst,Procter & Gamble,"Paris, Île-de-France, France",2023-04-20
Data Analyst H/F,STORM GROUP,"Paris, Île-de-France, France",2023-05-04
Alternance - Assistant.e Data Analyst Transport (H/F) - Septembre 2023,CELINE,"Paris, Île-de-France, France",2023-04-17
Alternance - Data Analyst F/H,Abeille Assurances,"Bois-Colombes, Île-de-France, France",2023-04-24
Data Analyst Power BI débutant(e) - H/F,TotalEnergies,"Courbevoie, Île-de-France, France",2023-04-20
Data Analyst - H/F,E.Leclerc,"Ivry-sur-Seine, Île-de-France, France",2023-04-09
Assistant Data Analyst F/H - Alternance,Christian Dior Couture,"Paris, Île-de-France, France",2023-04-25
Data Analyst,Jobs for Humanity,"Bezons, Île-de-France, France",2023-04-15
Media Data Analyst (H/F),Van Cleef & Arpels,"Paris, Île-de-France, France",2023-04-25
Data Analyst Tableau - H/F,Lincoln France,"Boulogne-Billancourt, Île-de-France, France",2023-04-26
Data Analyst - Alternance - Boursorama-(H/F),Boursorama,"Boulogne-Billancourt, Île-de-France, France",2023-04-28
Alternance - Data Analyst F/H,Abeille Assurances,"Bois-Colombes, Île-de-France, France",2023-04-24
Data Analyst - Strategy & Operations,Foxintelligence,"Paris, Île-de-France, France",2023-04-27
Data Analyst - Alternance - Boursorama-(H/F),Boursorama,"Boulogne-Billancourt, Île-de-France, France",2023-04-28
Data analyst H/F,PRO BTP Groupe,"Vincennes, Île-de-France, France",2023-05-04
Data Analyst Marketing Apprentice (F/M/D),Vestiaire Collective,"Paris, Île-de-France, France",2023-04-04
APPRENTI(E) - Data Analyst - H/F,Air France,"Paris, Île-de-France, France",2023-04-19
Alternance - Data Analyst BI - Transavia H/F,Air France,"Paris, Île-de-France, France",2023-04-12
Business Data Analyst-(H/F),Societe Generale Corporate and Investment Banking - SGCIB,"La Défense, Île-de-France, France",2023-04-29
Data Analyst Programmatic,Numberly,"Paris, Île-de-France, France",2023-04-21
Data Analyst Reporting(F/H),Carrefour,"Massy, Île-de-France, France",2023-04-06
Apprentissage : Data Analyst H/F,Stellantis,"Poissy, Île-de-France, France",2023-04-14
Data Analyst Junior -,Licorne Society,"Paris, Île-de-France, France",2023-05-02
Data analyst S&OP (F/H),Carrefour,"Massy, Île-de-France, France",2023-04-04
Alternance - Data analyst (Startup),Pubstack,"Paris, Île-de-France, France",2023-04-28
Data Analyst H/F,onepoint,"Paris, Île-de-France, France",2023-04-14
ALTERNANT Data Analyst (H/F),Allianz France,"Courbevoie, Île-de-France, France",2023-04-17
Web Data Analyst F/H,24S,"Paris, Île-de-France, France",2023-04-18
Insights Analyst Intern,Teads,"Paris, Île-de-France, France",2023-05-02
ALTERNANCE - DATA ANALYST (H/F),Danone,"Rueil-Malmaison, Île-de-France, France",2023-04-18
Data Analyst Connaissance Client F/H,24S,"Paris, Île-de-France, France",2023-04-17
Lead Data Analyst (H/F),Ippon Technologies,"Paris, Île-de-France, France",2023-04-24
Data analyst (H/F),Rise Consulting,"Antony, Île-de-France, France",2023-04-10
Data analyst-(H/F),Societe Generale,"Courbevoie, Île-de-France, France",2023-04-14
Data Analyst (F/H),Hilti Group,"Boulogne-Billancourt, Île-de-France, France",2023-05-04
Data Analyst H/F,Groupement des Mousquetaires,"Châtillon, Île-de-France, France",2023-04-04
Data Analyst,PrestaShop,"Paris, Île-de-France, France",2023-04-25
Data Analyst confirmé (H/F),Apside,"Paris, Île-de-France, France",2023-05-04
TF1 PUB - Stagiaire Data Analyst H/F,Groupe TF1,"Boulogne-Billancourt, Île-de-France, France",2023-05-04
Business data analyst-(H/F),Societe Generale Corporate and Investment Banking - SGCIB,"La Défense, Île-de-France, France",2023-04-29
Data Analyst H/F,Datatorii,"Paris, Île-de-France, France",2023-04-30
Data Analyst,Sedgwick,"Us, Île-de-France, France",2023-05-03
Data Analyst - Data Visualization,Rolling Wireless,"Île-de-France, France",2023-04-21
Music Data Analyst (H/F/N),Believe,"Paris, Île-de-France, France",2023-04-17
DATA ANALYST SUPPLY CHAIN H/F,Sisley Paris,"Saint-Ouen-l’Aumône, Île-de-France, France",2023-04-25
Lead Data Analyst F/H,24S,"Paris, Île-de-France, France",2023-05-02
Data Analyst - H/F - Alternance 12 mois,BNP Paribas,"Paris, Île-de-France, France",2023-04-08
Data Analyst Confirmé,Upward Data,"Paris, Île-de-France, France",2023-04-27
Data Analyst - Power BI (H/F),GROUPE SYD,"Nanterre, Île-de-France, France",2023-04-21
Alternance - DATA Analyst (H/F),ENGIE IT,"St.-Ouen, Île-de-France, France",2023-04-24
Data Analyst - Power BI (H/F),GROUPE SYD,"Nanterre, Île-de-France, France",2023-04-21
Alternance - DATA Analyst (H/F),ENGIE IT,"St.-Ouen, Île-de-France, France",2023-04-24
Data Analyst  F/H,Reworld Media,"Boulogne-Billancourt, Île-de-France, France",2023-04-19
Data Anlayst,Maten,"St.-Germain-en-Laye, Île-de-France, France",2023-05-02
Data Anlayst,Maten,"Thiverval-Grignon, Île-de-France, France",2023-05-02
Data Anlayst,Maten,"Montigny-le-Bretonneux, Île-de-France, France",2023-05-02
Data Anlayst,Maten,"Conflans-Ste.-Honorine, Île-de-France, France",2023-05-02
Data Anlayst,Maten,"Versailles, Île-de-France, France",2023-05-02
Data Anlayst,Maten,"Poissy, Île-de-France, France",2023-05-02
Data Anlayst,Maten,"Les Mureaux, Île-de-France, France",2023-05-02
Data Anlayst,Maten,"Mantes-la-Jolie, Île-de-France, France",2023-05-02
Data Anlayst,Maten,"Sartrouville, Île-de-France, France",2023-05-02
Data analyst – H/F,"CÔME, Ingénierie et conseil","Courbevoie, Île-de-France, France",2023-04-04
Data Analyst - startups (stage),Licorne Society,"Paris, Île-de-France, France",2023-05-02
Lead Data Analyst,k-ciopé,"Paris, Île-de-France, France",2023-04-19
Marketing Data Analyst,Numberly,"Paris, Île-de-France, France",2023-05-03
ALTERNANT - Data Analyst - Chargé(e) de Gouvernance Data - H/F,Allianz France,"Puteaux, Île-de-France, France",2023-04-19
DATA ANALYST H/F,CNP Assurances,"Paris, Île-de-France, France",2023-04-21
Business data analyst,Flatchr,"Boulogne-Billancourt, Île-de-France, France",2023-04-18
Data Analyst (h/f) - CDI,epicery,"Île-de-France, France",2023-05-04
Data Analyst H/F,Air Liquide,"Bagneux, Île-de-France, France",2023-04-21
Alternance - Data Analyst Marketing Digital H/F,ANTARGAZ,"Courbevoie, Île-de-France, France",2023-04-28
Data analyst - BI Group W/M,Plastic Omnium,"Levallois-Perret, Île-de-France, France",2023-04-19
DATA ANALYST CDD H/F,Gan Assurances,"Nanterre, Île-de-France, France",2023-05-02
STAGE ASSISTANT E-BUSINESS DATA ANALYST - PARFUMS CHRISTIAN DIOR,Parfums Christian Dior,"Neuilly-sur-Seine, Île-de-France, France",2023-04-26
Data Analyst - Alternance - Issy Les Moulineaux - H/F,Capgemini,"Paris, Île-de-France, France",2023-04-07
Data Analyst Confirmé-(H/F),Societe Generale Assurances,"La Défense, Île-de-France, France",2023-04-06
Sports Media Data Analyst,Jobs for Humanity,"Bezons, Île-de-France, France",2023-04-21
Data Analyst F/H - en Alternance,Carrefour,"Massy, Île-de-France, France",2023-04-26
Data Analyst,Echo Analytics,"Paris, Île-de-France, France",2023-04-24
Data Analyst Marketing F/H,Monoprix,"Clichy, Île-de-France, France",2023-04-18
Data Analyst (H/F),CITECH,"Paris, Île-de-France, France",2023-04-06
DATA ANALYST RH H/F,Gan Assurances,"Nanterre, Île-de-France, France",2023-05-02
Data Analyst en alternance F/H,IZIVIA - Groupe EDF,"Courbevoie, Île-de-France, France",2023-04-14
Business Data Analyst - H/F,Dassault Systèmes,"Vélizy-Villacoublay, Île-de-France, France",2023-05-03
Data Analyst,iBanFirst,"Paris, Île-de-France, France",2023-05-04
Data analyst (H/F),Seyos,"Suresnes, Île-de-France, France",2023-04-16
Consultant Data Microsoft BI - H/F,Talan,"Paris, Île-de-France, France",2023-05-03
Data analyst senior,Bek Advisory,"Île-de-France, France",2023-05-02
Data analyst | Deals (M&A) | CDI | H/F,PwC France,"Neuilly-sur-Seine, Île-de-France, France",2023-05-04
Business Intelligence (BI) /Data Analyst (DeFi) - Digital Assets,Keyrock,"Paris, Île-de-France, France",2023-04-04
Data analyst (H/F),Talents IT,"Paris, Île-de-France, France",2023-04-14
Data Analyst Senior F/H,EDF,"Courbevoie, Île-de-France, France",2023-04-26
Data Analyst H/F,Michael Page,"Noisy-le-Grand, Île-de-France, France",2023-04-28
Data Analyst - Connaissance Client B2B - H/F,Nestlé Nespresso SA,"Paris, Île-de-France, France",2023-04-17
Data Analyst H/F,Expleo Group,"Yvelines, Île-de-France, France",2023-04-19
DATA ANALYST - H/F - (CDI-4175),Banque de France,"La Courneuve, Île-de-France, France",2023-04-14
EssenceMediacom I Global media data anayst,EssenceMediacom,"Paris, Île-de-France, France",2023-05-02
Data Analyst Supply Chain H/F,Sisley Paris,"Saint-Ouen-l’Aumône, Île-de-France, France",2023-04-19
Data Analyst,Peroptyx,"Paris, Île-de-France, France",2023-05-02
CONSULTANT DATA ANALYST (F/H),Niji,"Issy-les-Moulineaux, Île-de-France, France",2023-04-26
Product Data Analyst,SumUp,"Paris, Île-de-France, France",2023-04-19
Alternant Data Analyst (H/F),Crédit Mutuel Île-de-France,"Courbevoie, Île-de-France, France",2023-04-26
Data Analyst,Devoteam Data Driven,"Levallois-Perret, Île-de-France, France",2023-04-23
Apprenti(e) – Data Analyst Performance Client H/F,Air France,"Paris, Île-de-France, France",2023-04-14
STAGE - Data Analyst F/H,TotalEnergies,"Courbevoie, Île-de-France, France",2023-04-17
Client Data Analyst H/F H/F,SANDRO,"Paris, Île-de-France, France",2023-04-07
Alternance - Digital & Data Market Analyst - Septembre 2023 - H/F/X,Henkel,"Boulogne-Billancourt, Île-de-France, France",2023-04-26
"DATA ANALYST F/H - Système, réseaux, données (H/F)",AVISIA,"Paris, Île-de-France, France",2023-04-13
Data Analyst H/F,Fives,"Montévrain, Île-de-France, France",2023-04-24
Data Analyst Marketing Stratégique - Boursorama-(H/F),Boursorama,"Boulogne-Billancourt, Île-de-France, France",2023-04-26
Data Analyst H/F,BI consulting,"Paris, Île-de-France, France",2023-04-30
DATA ANALYST PILOTAGE OPERATIONNEL H/F,Gan Assurances,"Nanterre, Île-de-France, France",2023-05-02
Data Analyst - startups,Licorne Society,"Paris, Île-de-France, France",2023-05-02
Data Analyst,Peroptyx,"Paris, Île-de-France, France",2023-05-02
CDI - Data Analyst F/H,Mediametrie,"Levallois-Perret, Île-de-France, France",2023-04-13
Data Analyst F/H,Orano,"Châtillon, Île-de-France, France",2023-04-06
Confirmed Data Analyst - Passengers,BlaBlaCar,"Paris, Île-de-France, France",2023-04-28
Média Data Analyst F/H,Orange,"Bagneux, Île-de-France, France",2023-04-28
Candidature externe I & D,Capgemini,"Paris, Île-de-France, France",2023-04-09
Stage - Data Analyst H/F,SUEZ,"Courbevoie, Île-de-France, France",2023-04-26
EssenceMediacom I Global media data anayst,EssenceMediacom,"Paris, Île-de-France, France",2023-05-02
Data Analyst / Risques de Crédit - Boursorama-(H/F),Boursorama,"Boulogne-Billancourt, Île-de-France, France",2023-04-26
BI & Data Analyst - Team Performance Dashboard (f/m/x),Leboncoin.fr,"Paris, Île-de-France, France",2023-04-27
ALTERNANCE – Data Analyst - F/H,Thales,"Meudon, Île-de-France, France",2023-05-03
HR Data Analyst H/F,Believe,"Paris, Île-de-France, France",2023-04-18
EssenceMediacom I Global media data anayst,EssenceMediacom France,"Paris, Île-de-France, France",2023-05-02
Data Analyst/Data Scientist F/H,EPSA Procurement,"Paris, Île-de-France, France",2023-04-05
Internship - Data Engineer,Numberly,"Paris, Île-de-France, France",2023-04-21
Data analyst risque de crédits / financements structurés-(H/F),Societe Generale Corporate and Investment Banking - SGCIB,"La Défense, Île-de-France, France",2023-04-18
Apprenti(e) Data Analyst Power BI H/F - Boulogne-Billancourt (France),Gers Data,"Boulogne-Billancourt, Île-de-France, France",2023-05-02
Data analyst lutte contre la fraude (H/F) en Alternance,AXA en France,"Nanterre, Île-de-France, France",2023-04-28
RCM/Pricing Data Analyst (M/F),Europcar Mobility Group,"Paris, Île-de-France, France",2023-04-07
CDI - Data Analyst/Scientist F/H,Mediametrie,"Levallois-Perret, Île-de-France, France",2023-04-24
Alternance 12 mois - Data Analyst H/F,Mozaïk RH,"Gentilly, Île-de-France, France",2023-04-20
Data Analyst H/F,Seyos,"Suresnes, Île-de-France, France",2023-04-15
Data Analyst - Chargé de Reporting H/F,FinancePeople,"Poissy, Île-de-France, France",2023-04-15
Data Analyst - Alternance - Issy Les Moulineaux - H/F,Capgemini,"Paris, Île-de-France, France",2023-04-07
Data analyst (H/F),Talents IT,"Levallois-Perret, Île-de-France, France",2023-04-23
Data Analyst (Industrial),Solvay,"Aubervilliers, Île-de-France, France",2023-04-17
Data Analyst - Supply Chain - Logistique,Licorne Society,"Paris, Île-de-France, France",2023-05-02
[ALT] Data analyst Assistant - H/F,Initiative,"Neuilly-sur-Seine, Île-de-France, France",2023-04-14
Stage - Data Quality Analyst H/F,Groupe TF1,"Boulogne-Billancourt, Île-de-France, France",2023-04-05
Stage - Data Analyst F/H,Thales,"Paris, Île-de-France, France",2023-04-23
DATA ANALYST - AUDITEUR - H/F - (CDI-3908),Banque de France,"Paris, Île-de-France, France",2023-04-19
Business Data Analyst – Operations,AXA Investment Managers,"Puteaux, Île-de-France, France",2023-04-26
Business et Data Analyst (H/F) en alternance,AXA en France,"Nanterre, Île-de-France, France",2023-04-18
Business Intelligence Lead | Utilities,Oracle,"Paris, Île-de-France, France",2023-04-28
Stage Data Analyst - Juillet 2023,Rothschild & Co,"Paris, Île-de-France, France",2023-04-20
Business Intelligence Lead | Utilities,Oracle,"Paris, Île-de-France, France",2023-04-28
Stage Data Analyst - Juillet 2023,Rothschild & Co,"Paris, Île-de-France, France",2023-04-20
Business Intelligence Analyst,Worldwide Clinical Trials,"Us, Île-de-France, France",2023-04-23
CDI - Data Analyst F/H,Mediametrie,"Levallois-Perret, Île-de-France, France",2023-04-28
CDI - Data Analyst/Scientist F/H,Mediametrie,"Levallois-Perret, Île-de-France, France",2023-05-03
Data engineer (H/F),Ekinox,"Paris, Île-de-France, France",2023-04-13
DATA ANALYST H/F,UGAP,"Champs-sur-Marne, Île-de-France, France",2023-04-19
APPRENTISSAGE - Data Analyst Engineer (F/H),Dassault Systèmes,"Vélizy-Villacoublay, Île-de-France, France",2023-04-24
Data Analyst Export,La Poste Groupe,"Paris, Île-de-France, France",2023-04-28
Data Analyst Banque H/F,SKIILS,"Puteaux, Île-de-France, France",2023-04-30
Marketing Data Analyst,Numberly,"Paris, Île-de-France, France",2023-04-27
"Data Analyst, Product Intelligence #SWX",Stellantis,"Poissy, Île-de-France, France",2023-05-04
Data Analyst Power BI,Free-Work (ex Freelance-info Carriere-info),"Vélizy-Villacoublay, Île-de-France, France",2023-04-28
Alternance - Digital & Data Market Analyst - Septembre 2023 - H/F/X,Henkel,"Serris, Île-de-France, France",2023-04-13
Alternance - IS Data Analyst,Valeo,"Paris, Île-de-France, France",2023-05-04
Portfolio and Data Management Analyst,Chubb,"Paris, Île-de-France, France",2023-04-18
Alternance - Finance Data Analyst (x/f/m),Doctolib,"Paris, Île-de-France, France",2023-04-11
Stagiaire Data analyst F/H,Monoprix,"Clichy, Île-de-France, France",2023-04-26
Data Analyst - Global Marketing H/F,Septodont,"Paris, Île-de-France, France",2023-05-04
DATA ANALYST ENTREPRISES - H/F - (CDI-4130),Banque de France,"Paris, Île-de-France, France",2023-04-05
Stage Consultant Data visualisation (F/H),Micropole,"Levallois-Perret, Île-de-France, France",2023-04-15
DATA ANALYST ENTREPRISES - H/F - (CDI-4130),Banque de France,"Paris, Île-de-France, France",2023-04-05
Stage Consultant Data visualisation (F/H),Micropole,"Levallois-Perret, Île-de-France, France",2023-04-15
Data Analyst - Pilotage transformation Cloud-(H/F),Societe Generale,"Fontenay-sous-Bois, Île-de-France, France",2023-04-21
Senior Data Analyst,AXA Partners,"Châtillon, Île-de-France, France",2023-05-03
Data Analyst - H/F - Stage 6 mois.,BNP Paribas,"Pantin, Île-de-France, France",2023-05-04
APPRENTISSAGE – Marketing Data Analyst (F/H),Dassault Systèmes,"Vélizy-Villacoublay, Île-de-France, France",2023-05-04
STAGE - Data Analyst - Chargé(e) d'études Gouvernance Data - HF,Allianz France,"Puteaux, Île-de-France, France",2023-04-19
Data Analyste DPPF (CDD),L'Oréal,"Levallois-Perret, Île-de-France, France",2023-04-14
RCM/Pricing Data Analyst (M/F),Europcar Mobility Group,"Paris, Île-de-France, France",2023-04-07
Lead Data Analyst (H/F),Digisap Solutions,"Paris, Île-de-France, France",2023-04-20
ALTERNANCE - Data Analyst Performance Financière F/H,TotalEnergies,"Courbevoie, Île-de-France, France",2023-04-05
Data Engineer  H/F,Expleo Group,"Montigny-le-Bretonneux, Île-de-France, France",2023-05-04
Data Analyst and Ticketing & Hospitality Intern - Capgemini Sponsorship - Rugby World Cup 2023,Capgemini,"Paris, Île-de-France, France",2023-04-21
Data analyst (H/F),CRIT France,"Massy, Île-de-France, France",2023-05-04
Data Analyst - Global Marketing H/F,Septodont,"Paris, Île-de-France, France",2023-05-04
Alternance 12 mois - Chargé de pilotage Data Analyst (H/F),Allianz France,"Courbevoie, Île-de-France, France",2023-04-14
Data Analyst Expérimenté H/F,EY,"Paris, Île-de-France, France",2023-04-26
Alternance – 12 mois - Data Analyst - F/H – Paris,Groupe BPCE,"Paris, Île-de-France, France",2023-04-17
Data Analyst - Confirmé.e,LittleBigCode,"Neuilly-sur-Seine, Île-de-France, France",2023-04-25
Data Analyst en Alternance,OpenClassrooms,"Paris, Île-de-France, France",2023-05-04
Data Engineer H/F,SKIILS,"Puteaux, Île-de-France, France",2023-04-17
Data analyst et Conseiller d'études actuarielles (F/H) 92,AXA en France,"Nanterre, Île-de-France, France",2023-05-03
Data engineer - ingénieur des données (H/F),DGSE - Direction Générale de la Sécurité Extérieure,"Paris, Île-de-France, France",2023-04-12
CDI - IT & Data – Compliance & Legal IT Analyst - Rueil-Malmaison,Danone,"Rueil-Malmaison, Île-de-France, France",2023-05-03
Alternance 12 mois - Data Analyst H/F,Mozaïk RH,"Chilly-Mazarin, Île-de-France, France",2023-05-03
Digital Data Analyst (H/F),Groupe La Centrale,"Paris, Île-de-France, France",2023-04-28
Assistant data analyst en contrat d’alternance (H/F),Médecins du Monde,"St.-Denis, Île-de-France, France",2023-04-25
Business Intelligence Analyst,CGG,"Massy, Île-de-France, France",2023-04-11
HR DATA ANALYST - CDI (F/H/X),Veepee,"L’île-Saint-Denis, Île-de-France, France",2023-04-24
Data Analyst - Editeur de Logiciels Big Data Leader sur son Domaine - 55 - 62K€ + Bonus Déplafonné H/F,L2C / Spécialiste du recrutement IT,"Paris, Île-de-France, France",2023-04-22
DATA ENGINEER SCALA/SPARK - ALTERNANCE (H/F),ITNOVEM.,"Île-de-France, France",2023-04-25
Data Engineer,Numberly,"Paris, Île-de-France, France",2023-04-21
"HR Junior Data Analyst, Process & Reporting | Alternance | H/F",PwC France,"Neuilly-sur-Seine, Île-de-France, France",2023-05-02
Data Analyst Connaissance Clients (F/H),Carrefour,"Évry, Île-de-France, France",2023-05-04
Data analyst merchandising H/F,BRICO DÉPÔT,"Longpont-sur-Orge, Île-de-France, France",2023-04-28
ALTERNANCE - Assistant Business Insights Analyst - (H/F) – Rueil-Malmaison – Septembre 2023,Danone,"Rueil-Malmaison, Île-de-France, France",2023-04-09
HR Data analyst F/H - Etudes socio-économiques (H/F),Primeum,"Levallois-Perret, Île-de-France, France",2023-04-06
"Candidature spontanée pour rejoindre C&CA, PARIS",Capgemini,"Paris, Île-de-France, France",2023-04-07
Analyste de données / Data Analyst (H/F),Lutessa,"Noisiel, Île-de-France, France",2023-04-21
Analyste décisionnel - Business Intelligence (H/F),Manpower France,"Nanterre, Île-de-France, France",2023-04-18
CDI - IT & Data - Modern Workplace Analyst - Rueil-Malmaison,Danone,"Rueil-Malmaison, Île-de-France, France",2023-05-04
Analytics Engineer (H/F) | POEI,DataScientest.com,"Puteaux, Île-de-France, France",2023-04-26
Data/Process Analyst Supply Chain H/F,BNP Paribas Real Estate,"Boulogne-Billancourt, Île-de-France, France",2023-04-18
"Data analyst ( Chef/cheffe produit marketing digital) F/H - Système, réseaux, données (H/F)",Radio France,"Paris, Île-de-France, France",2023-04-23
Data analyst ( Chef/cheffe produit marketing digital) H/F,Radio France,"Paris, Île-de-France, France",2023-04-22
Analyste Donnees H/F,SUPPLAY,"Ivry-sur-Seine, Île-de-France, France",2023-04-15
DATA ENGINEER SCALA/SPARK (H/F),ITNOVEM.,"Île-de-France, France",2023-04-20
DATA ANALYST/PROJECT MANAGER DATA,Equans France,"Courbevoie, Île-de-France, France",2023-05-04
Data Analyst Financial Security - H/F - Alternance 12 ou 24 mois.,BNP Paribas,"Paris, Île-de-France, France",2023-04-04
Data Engineer Junior - Alternance - H/F,Franck Provost Paris,"Neuilly-sur-Seine, Île-de-France, France",2023-04-27
Stage Data Analyst (H/F),join.com,"Gennevilliers, Île-de-France, France",2023-04-26
Ingénieur Data Analyste Senior H/F,Expleo Group,"Île-de-France, France",2023-05-03
Data Engineer - Paris (H/F),Capgemini,"Paris, Île-de-France, France",2023-04-11
Data Engineer - Financial Services H/F,CGI,"Île-de-France, France",2023-04-14
Business Data Analyst H/F,Jobs via eFinancialCareers,"Paris, Île-de-France, France",2023-04-13
Data analyst en alternance (94) DCF/AB - F/H,Groupe Casino,"Vitry-sur-Seine, Île-de-France, France",2023-04-21
Data Engineer / DATA Quality (H/F),Beefirst,"Levallois-Perret, Île-de-France, France",2023-04-05
Lead Data Analyst H/F,k-ciopé,"Paris, Île-de-France, France",2023-04-30
Data EngineerJunior | CDI | F/H,PwC France,"Neuilly-sur-Seine, Île-de-France, France",2023-05-04
Business Data Analyst H/F,Jobs via eFinancialCareers,"Paris, Île-de-France, France",2023-04-13
DATA ANALYST EXPERIMENTE H/F,Gan Assurances,"Nanterre, Île-de-France, France",2023-05-02
Tracking & Data Analyst e-commerce (stage/alternance),Pixmania,"Paris, Île-de-France, France",2023-04-11
Senior Data Analyst- Finance,Mooncard,"Paris, Île-de-France, France",2023-04-24
Consultant en Business Intelligence (BI),Quanteam,"Paris, Île-de-France, France",2023-04-19
Business Analyst Data H/F,GROUPAMA - G2S,"Puteaux, Île-de-France, France",2023-05-02
Data Analyst / DataScientist DATAIKU (H/F),Jobs via eFinancialCareers,"Paris, Île-de-France, France",2023-04-16
Web Data Analyst - 3DVIA HomeByMe - CDD 10 mois F/H,Dassault Systèmes,"Paris, Île-de-France, France",2023-04-29
Data Analyst Conformité RH - H/F CDD 6 mois,BNP Paribas,"Paris, Île-de-France, France",2023-04-25
Data Miner H/F,Adsearch,"Paris, Île-de-France, France",2023-04-17
Data Analyst Programmatique,Numberly,"Paris, Île-de-France, France",2023-04-21
Consultant Business Intelligence PARIS H/F,Capgemini,"Paris, Île-de-France, France",2023-04-09
Data Proxy (H/F),Labsoft Paris,"Paris, Île-de-France, France",2023-04-05
Développeur Power BI - H/F,Lincoln France,"Boulogne-Billancourt, Île-de-France, France",2023-04-17
Alternance - Data Analyst - chargé(e) de projet SI logistiques H/F,SUEZ,"Courbevoie, Île-de-France, France",2023-04-05
Senior Data Analyst  (H/F),Axys Consultants,"Levallois-Perret, Île-de-France, France",2023-04-14
Data Engineer / Azure (H/F),Micropole,"Levallois-Perret, Île-de-France, France",2023-04-29
Data engineer (F/H) - ALDEBARAN,United Robotics Group,"Paris, Île-de-France, France",2023-04-12
Senior Game Data Analyst,Voodoo,"Paris, Île-de-France, France",2023-05-04
SAS Programmer I,PSI CRO AG,"Paris, Île-de-France, France",2023-05-02
Data engineer (H/F),Flatchr,"Boulogne-Billancourt, Île-de-France, France",2023-04-18
Senior Operations Data Analyst,Stuart,"Paris, Île-de-France, France",2023-04-12
Stage - Data Analyste (H/F),GE Power,"Villebon-sur-Yvette, Île-de-France, France",2023-04-24
Data Engineer H/F,WyMee Recrutement & Consulting International,"Paris, Île-de-France, France",2023-04-21
ALT-Data Analyst UX (HF) en alternance - Bagneux- 1 an,ENGIE,"Bagneux, Île-de-France, France",2023-04-20
Senior Data Governance Analyst,AXA,"Île-de-France, France",2023-04-25
Data Engineer F/H,EDF,"Colombes, Île-de-France, France",2023-05-04
Consultant Business Intelligence,Quanteam,"Paris, Île-de-France, France",2023-04-19
Senior data analyst | Deals (M&A) | CDI | H/F,PwC France,"Neuilly-sur-Seine, Île-de-France, France",2023-05-04
Data Engineer F/H,"BERTRANDT AG,  Sucursal en España","Vélizy-Villacoublay, Île-de-France, France",2023-04-09
SAS Programmer I,PSI CRO AG,"Paris, Île-de-France, France",2023-05-02
Apprenti(e) - Business Analyst Finance - Contrôle de Gestion & Data Analytics H/F pour Air France/KLM,Air France,"Paris, Île-de-France, France",2023-04-17
Stage - Data engineer (H/F),Equancy,"Paris, Île-de-France, France",2023-04-18
ALTERNANCE - Sales Performance / Business Analyst Junior (H/F),ENGIE,"Courbevoie, Île-de-France, France",2023-04-26
Data Business Analyst Retail - H/F,Lincoln France,"Boulogne-Billancourt, Île-de-France, France",2023-04-19
Charging Solution Admin & Data Analyst,Volta Trucks,"Paris, Île-de-France, France",2023-04-18
Dynatrace,PRACYVA,"Paris, Île-de-France, France",2023-05-04
Stage Assistant(e) Master Data & Packaging Development Analyst H/F,PepsiCo,"Colombes, Île-de-France, France",2023-04-17
Consultant(e) Business Analyst / Data Analyst - Banque (H/F),FBH Associes,"Paris, Île-de-France, France",2023-04-27
Data Engineer (H/F),APGAR,"Neuilly-sur-Seine, Île-de-France, France",2023-04-17
Stagiaire Digital Data Analyst - DATALAB - H/F - Stage 6 mois.,BNP Paribas,"Paris, Île-de-France, France",2023-04-24
Data Engineer F/H,Agil-It,"Courbevoie, Île-de-France, France",2023-05-02
Data Engineer F/H,Agil-It,"Asnières-sur-Seine, Île-de-France, France",2023-05-02
Stage Assistant(e) Master Data & Packaging Development Analyst H/F,PepsiCo,"Colombes, Île-de-France, France",2023-04-16
Business Analyst Data H/F,GROUPAMA - G2S,"Puteaux, Île-de-France, France",2023-05-02
Data Engineer H/F,Proxiel,"Paris, Île-de-France, France",2023-04-10
Data Engineer GCP,Naxxum Group,"Neuilly-sur-Seine, Île-de-France, France",2023-05-04
Data Engineer / Azure (H/F),EXPERTIME,"Viroflay, Île-de-France, France",2023-04-28
Consultant(e) Senior DataScience / Data Analyst - CDI,Quadratic,"Paris, Île-de-France, France",2023-05-04
DATA ANALYST Confirmé H/F,UGAP,"Champs-sur-Marne, Île-de-France, France",2023-04-21
Consultant DATA & IA,onepoint,"Paris, Île-de-France, France",2023-04-23
ALTERNANCE - Assistant Business Insights Analyst - (H/F) – Rueil-Malmaison – Septembre 2023,Danone,"Rueil-Malmaison, Île-de-France, France",2023-04-09
ALTERNANCE : DATA ANALYST EN BATIMENT H/F,Bouygues Construction,"Paris, Île-de-France, France",2023-04-07
"Candidature spontanée pour rejoindre C&CA, PARIS",Capgemini,"Paris, Île-de-France, France",2023-04-07
Data Engineer / Azure (H/F),EXPERTIME,"Viroflay, Île-de-France, France",2023-04-28
Consultant(e) Senior DataScience / Data Analyst - CDI,Quadratic,"Paris, Île-de-France, France",2023-05-04
DATA ANALYST Confirmé H/F,UGAP,"Champs-sur-Marne, Île-de-France, France",2023-04-21
Consultant DATA & IA,onepoint,"Paris, Île-de-France, France",2023-04-23
Data Engineer - Team CarOnDemand Share Now - Full Remote (H/F),Free2move eSolutions,"Paris, Île-de-France, France",2023-05-03
ALTERNANCE : DATA ANALYST EN BATIMENT H/F,Bouygues Construction,"Paris, Île-de-France, France",2023-04-07
Data engineer-(H/F),Societe Generale,"Fontenay-sous-Bois, Île-de-France, France",2023-04-27
Data Engineer (H/F),Wewyse,"Paris, Île-de-France, France",2023-04-26
Senior Operations Data Analyst,Stuart,"Paris, Île-de-France, France",2023-04-26
Data Analyste (Tableau / Looker / MicroStrategy) CDI - H/F,Talan,"Paris, Île-de-France, France",2023-04-25
Data Engineer F/H,Agil-It,"Boulogne-Billancourt, Île-de-France, France",2023-05-02
Data Engineer F/H,Agil-It,"Colombes, Île-de-France, France",2023-05-02
Data Engineer F/H,Agil-It,"Nanterre, Île-de-France, France",2023-05-02
Consultant BI / Power BI CDI - H/F,Talan,"Paris, Île-de-France, France",2023-05-03
Data Analyst F/H,Jobs via eFinancialCareers,"Paris, Île-de-France, France",2023-04-23
Senior Product Data Analyst,iBanFirst,"Paris, Île-de-France, France",2023-05-03
Data Engineer,Inato,"Paris, Île-de-France, France",2023-04-08
Data Engineer Confirmé (H/F),Chronotruck,"Puteaux, Île-de-France, France",2023-04-26
Consultant MS BI /Power BI (H/F),OPEN,"Levallois-Perret, Île-de-France, France",2023-05-04
DATA Gouvernance F/H,Capgemini Engineering,"Île-de-France, France",2023-04-17
Data Engineer H/F,Stellantis,"Poissy, Île-de-France, France",2023-04-28
Ingénieur-e Data (H/F),SoyHuCe,"Paris, Île-de-France, France",2023-05-03
"Data Engineer – Paris, France (H/F)",Astek,"Paris, Île-de-France, France",2023-05-03
Senior Data Insights Analyst (Product),Egencia,"Courbevoie, Île-de-France, France",2023-04-18
Senior Product Data Analyst,Ornikar,"Paris, Île-de-France, France",2023-04-07
Poste Data Analyst RUN,Free-Work (ex Freelance-info Carriere-info),"Aubervilliers, Île-de-France, France",2023-04-21
Alternant Data Engineer F/H,Matmut,"Rueil-Malmaison, Île-de-France, France",2023-04-18
Ingénieur Data - Boursorama-(H/F),Boursorama,"Boulogne-Billancourt, Île-de-France, France",2023-04-26
ALTERNANCE - Data Analyst et stratégie pour le segment marketing Land - F/H,Thales,"Gennevilliers, Île-de-France, France",2023-04-08
Lead Data Engineer (H/F),Equancy,"Paris, Île-de-France, France",2023-04-12
Consultant BI Expérimenté H/F,Inetum,"St.-Ouen, Île-de-France, France",2023-04-13
Consultant Data (Confirmé ou Senior) BI & Analytics (H/F),Rhapsodies Conseil,"Paris, Île-de-France, France",2023-04-14
Doctorat CIFRE - Data Scientist/Analyst dans une Start-up Fintech (H/F),Cash Flow Positif,"Paris, Île-de-France, France",2023-04-13
Consultant Data Analytics H/F,onepoint,"Paris, Île-de-France, France",2023-04-20
Data engineer-(H/F),Societe Generale,"Fontenay-sous-Bois, Île-de-France, France",2023-04-28
Data ingénieur-(H/F),Societe Generale,"La Défense, Île-de-France, France",2023-04-29
Stage - Data Analyst Programmatique,Numberly,"Paris, Île-de-France, France",2023-04-21
Data Engineer,pass Culture,"Paris, Île-de-France, France",2023-04-25
Data Engineer,GetPro,"Paris, Île-de-France, France",2023-04-22
Information Protection Analyst,Technip Energies,"Nanterre, Île-de-France, France",2023-04-19
Data Specialist - Commercial Real Estate,Northmarq,"Us, Île-de-France, France",2023-04-06
Data Engineer H/F,CGI,"Île-de-France, France",2023-04-18
Consultant BI Expérimenté H/F,Inetum,"St.-Ouen, Île-de-France, France",2023-04-29
Data Engineer (F/H),Hilti Group,"Boulogne-Billancourt, Île-de-France, France",2023-04-22
Ingénieur de production BI H/F,Inetum,"Montreuil, Île-de-France, France",2023-04-29
Data Engineer -(H/F),Societe Generale Corporate and Investment Banking - SGCIB,"La Défense, Île-de-France, France",2023-04-29
Business Analyst Data Flux (H/F),Groupe BPCE,"Charenton-le-Pont, Île-de-France, France",2023-05-03
Stage - Insights & Analytics,Numberly,"Paris, Île-de-France, France",2023-04-12
Ingénieur Traitement Données – Data Engineer(H/F),LISI AEROSPACE,"Paris, Île-de-France, France",2023-05-04
Data Engineer,Teradata,"Antony, Île-de-France, France",2023-04-27
Data Engineer (F/H),Direct Assurance,"Suresnes, Île-de-France, France",2023-04-17
Senior Data Consultant & IA Strategist (H/F),MFG Labs,"Levallois-Perret, Île-de-France, France",2023-04-12
Business analyst en bi sur data-(H/F),Societe Generale,"Fontenay-sous-Bois, Île-de-France, France",2023-04-26
Machine Learning Data Engineer,Azevtec is now Outrider,"Paris, Île-de-France, France",2023-05-04
Data Engineer H/F,Page Personnel,"Paris, Île-de-France, France",2023-04-12
data engineer (h/f),AUSY,"Issy-les-Moulineaux, Île-de-France, France",2023-04-07
Consultant Business Intelligence H/F,Dassault Systèmes,"Vélizy-Villacoublay, Île-de-France, France",2023-04-28
Data Engineer - H/F,Seyos,"Suresnes, Île-de-France, France",2023-04-17
Data Engineer (F/H),Hilti Group,"Boulogne-Billancourt, Île-de-France, France",2023-04-22
Data Engineer H/F,Seyos,"Suresnes, Île-de-France, France",2023-04-18
Consultant Business Intelligence H/F,Assystem,"Courbevoie, Île-de-France, France",2023-05-03
Analyste quantitatif notation / Data scientist F/H,Bpifrance,"Maisons-Alfort, Île-de-France, France",2023-04-26
Data Engineer H/F,LR TECHNOLOGIES - GROUPE,"Clamart, Île-de-France, France",2023-04-27
BI Engineer & Data Visualisation,Numberly,"Paris, Île-de-France, France",2023-04-21
AM Data Analyst / Back-Office | FRANCE,Phoenix Tower International,"Boulogne-Billancourt, Île-de-France, France",2023-04-27
Consultant / Consultante MS BI / Power BI (H/F),Idigao,"Paris, Île-de-France, France",2023-04-13
ALTERNANCE : DATA ANALYST EN BATIMENT H/F,Bouygues Bâtiment Sud-Est,"Paris, Île-de-France, France",2023-04-07
Data engineer H/F,CGI,"Paris, Île-de-France, France",2023-04-19
Analyste data quality-(H/F),Societe Generale,"La Défense, Île-de-France, France",2023-04-21
Internship - Reporting Analyst / Developer - (F/H) - 6 months,AXA en France,"Puteaux, Île-de-France, France",2023-04-09
Data Engineer / Architect  - F/H,Havas Media Group,"Paris, Île-de-France, France",2023-04-13
Data Engineer (H/F),SNCF Connect & Tech,"Paris, Île-de-France, France",2023-04-28
ALTERNANCE - Consultant: Equity analytics dashboard for market data and model monitoring,Murex,"Paris, Île-de-France, France",2023-04-17
Ingénieur Data H/F,GROUPAMA - G2S,"Puteaux, Île-de-France, France",2023-05-02
Data Engineer h/f - Paris,Valtech,"Paris, Île-de-France, France",2023-04-14
Data Engineer,Jefferson Frank,"Paris, Île-de-France, France",2023-04-18
Gaming Data Scientist,Homa,"Paris, Île-de-France, France",2023-04-09
Data Engineer Be Mo Tech,TotalEnergies,"Paris, Île-de-France, France",2023-04-12
Data Engineer Stagiaire (H/F),APGAR,"Neuilly-sur-Seine, Île-de-France, France",2023-04-13
Data Engineer - Adot  H/F,VeepeeTech,"Seine-St.-Denis, Île-de-France, France",2023-04-05
Apprentissage : Analyste données usines et fournisseurs H/F,Stellantis,"Poissy, Île-de-France, France",2023-04-14
Collaborateur Tax Data Analyst F/H,Deloitte,"Paris, Île-de-France, France",2023-04-18
Data Engineer H/F,Michael Page,"Paris, Île-de-France, France",2023-04-14
CONSULTANT BUSINESS INTELLIGENCE - CDI (H/F),The NPD Group,"Chambourcy, Île-de-France, France",2023-04-21
Quantitative Researcher - Junior,Jobs via eFinancialCareers,"Paris, Île-de-France, France",2023-04-19
Job offer Data Analyst Conformité RH - H/F CDD 6 mois - BNP Paribas,Jobs via eFinancialCareers,"Paris, Île-de-France, France",2023-05-03
Ingénieur-e Data (H/F),SoyHuCe,"Paris, Île-de-France, France",2023-05-03
Alternance - Chargé d'études et visualisation Data F/H,Malakoff Humanis,"Guyancourt, Île-de-France, France",2023-04-07
Data Engineer,PROPHESEE,"Paris, Île-de-France, France",2023-04-20
ANALYSTE DES DONNEES (H/F),Commissariat des armées,"Paris, Île-de-France, France",2023-05-02
Data Engineer Teradata - H/F,Lincoln France,"Sèvres, Île-de-France, France",2023-04-17
Data Engineer,Jefferson Frank,"Paris, Île-de-France, France",2023-04-20
Data Engineer,Jefferson Frank,"Paris, Île-de-France, France",2023-04-20
Consultant expérimenté Data analyst | CDI | F/H,PwC France,"Neuilly-sur-Seine, Île-de-France, France",2023-04-28
Data Engineer (H/F/NB) - Paris,Keyrus,"Levallois-Perret, Île-de-France, France",2023-04-20
Data Engineer H/F,Veolia France,"Aubervilliers, Île-de-France, France",2023-04-21
Alternant - Data engineer - Post trade datawarehouse H/F - Alternance 12 mois,BNP Paribas,"Montreuil, Île-de-France, France",2023-04-25
Data Engineer - Alternance - Issy Les Moulineaux - H/F,Capgemini,"Paris, Île-de-France, France",2023-04-07
Data Engineer,iBanFirst,"Paris, Île-de-France, France",2023-04-20
Consultant Data Intelligence CDI - H/F,Talan,"Paris, Île-de-France, France",2023-04-26
Data Engineer F/H,AXA en France,"Nanterre, Île-de-France, France",2023-04-28
Chargé d'études statistiques H/F,MACIF,"Paris, Île-de-France, France",2023-04-07
Chef de projet Data Analyst & CRM (H/F ),Gan Assurances,"Nanterre, Île-de-France, France",2023-04-18
Responsable Analyste de données,Thales,"Vélizy-Villacoublay, Île-de-France, France",2023-04-12
Data Engineer F/H,Bertrandt Group,"Vélizy-Villacoublay, Île-de-France, France",2023-04-09
Consultant Data Engineer H/F,Eays Consulting,"Antony, Île-de-France, France",2023-04-25
Data Engineer,PROPHESEE,"Paris, Île-de-France, France",2023-04-20
Ingénieur Data,Talented International,"Île-de-France, France",2023-04-28
ALTERNANCE – Business analyst Power BI - H/F,Thales,"Vélizy-Villacoublay, Île-de-France, France",2023-04-04
Data Engineer,onepoint,"Paris, Île-de-France, France",2023-04-23
Business Intelligence Analyst en Alternance,OpenClassrooms,"Paris, Île-de-France, France",2023-05-04
Data Engineer H/F,MBDA,"Le Plessis-Robinson, Île-de-France, France",2023-04-18
Data Engineer,onepoint,"Paris, Île-de-France, France",2023-04-23
Data Engineer H/F,MBDA,"Le Plessis-Robinson, Île-de-France, France",2023-04-18
Data Engineer,Jefferson Frank,"Paris, Île-de-France, France",2023-04-26
Data Scientist - Analyst / Analyste BI F/H,Jobs via eFinancialCareers,"Paris, Île-de-France, France",2023-05-01
Bio-statistician,Nanobiotix,"Paris, Île-de-France, France",2023-05-01
ALTERNANCE - Consultant: Equity analytics dashboard for market data and model monitoring,Murex,"Paris, Île-de-France, France",2023-04-17
Recetteur junior H/F,Inetum,"Meudon, Île-de-France, France",2023-04-16
Alternant Analyste de données immobilières H/F,BNP Paribas Real Estate,"Boulogne-Billancourt, Île-de-France, France",2023-04-18
Consultant(e) Data & Analytic Snowflake H/F - CDI,SCALE YOU UP,"Paris, Île-de-France, France",2023-04-25
Data Engineer - Senior Associate (F/H),Publicis Sapient,"Paris, Île-de-France, France",2023-05-04
Data Engineer expérimenté en scale up greentech,Le Bureau des Talents,"Suresnes, Île-de-France, France",2023-05-02
Data Engineer Cloud (H/F) | POEI,DataScientest.com,"Puteaux, Île-de-France, France",2023-04-18
Data Engineer F/H - Valoway (H/F),VALOWAY,"Île-de-France, France",2023-04-05
Data Engineer / GCP (H/F),Micropole,"Levallois-Perret, Île-de-France, France",2023-04-20
Data Engineer - COPERNEEC,Jobs via eFinancialCareers,"Paris, Île-de-France, France",2023-04-11
Data Engineer,Jefferson Frank,"Paris, Île-de-France, France",2023-04-26
ALTERNANCE - Data Science & développement Python H/F,GROUPAMA GAN VIE,"Nanterre, Île-de-France, France",2023-04-25
Développeur Data & Application Intégration H/F,Capgemini,"Paris, Île-de-France, France",2023-04-07
CDI - ingenieur data - 65K,Talented International,"Paris, Île-de-France, France",2023-04-28
CONSULTANT BUSINESS INTELLIGENCE - CDI (H/F),IRI,"Chambourcy, Île-de-France, France",2023-04-21
SAS Programmer II,PSI CRO AG,"Paris, Île-de-France, France",2023-05-04
"Data Analyst (Bangkok Based, Relocation Provided)",Agoda,"Paris, Île-de-France, France",2023-04-21
Data production analyst / Chargé(e)d'études F/H,autobiz France,"Courbevoie, Île-de-France, France",2023-05-03
Data Engineer H/F,CAPFI Groupe,"Paris, Île-de-France, France",2023-04-30
Alternance - Master statistique / informatique H/F,CNP Assurances,"Issy-les-Moulineaux, Île-de-France, France",2023-04-17
Stage - Data Engineer (H/F),AXA en France,"Paris, Île-de-France, France",2023-04-28
Data Engineer - Madonne Core (H/F),Natixis Corporate & Investment Banking,"Paris, Île-de-France, France",2023-04-06
Ingénieur Data Spark/Scala - H/F,GROUPAMA - G2S,"Puteaux, Île-de-France, France",2023-05-02
Programmeur Intelligence Artificielle (H/F/NB),QUANTIC DREAM,"Paris, Île-de-France, France",2023-04-08
Développeur BI h/f,FAYAT IT,"Massy, Île-de-France, France",2023-04-13
Analytics Engineer,Spendesk,"Paris, Île-de-France, France",2023-04-15
Consultant Data Visualisation - H/F,Talan,"Paris, Île-de-France, France",2023-04-26
Data engineer h/f (IT) / Freelance,Free-Work (ex Freelance-info Carriere-info),"Suresnes, Île-de-France, France",2023-04-17
Data Engineer,Jefferson Frank,"Paris, Île-de-France, France",2023-04-12
Développeur SAS H/F,ACENSI,"Courbevoie, Île-de-France, France",2023-04-14
Développeur power BI-(H/F),Societe Generale,"Fontenay-sous-Bois, Île-de-France, France",2023-04-21
"Senior Digital Business Intelligence Analyst – Paris, France",Western Union,"Paris, Île-de-France, France",2023-04-29
ALTERNANCE - Consultant : Equity analytics dashboard for market data and model monitoring H/F,Murex,"Paris, Île-de-France, France",2023-04-17
Data Engineer NiFi - H/F,Lincoln France,"Boulogne-Billancourt, Île-de-France, France",2023-05-04
Développeur PLSQL,NORGAY,"Île-de-France, France",2023-04-13
Développeur BI H/F,CGI,"Paris, Île-de-France, France",2023-04-25
"Senior Consultant, Data Analytics",Putnam PHMR,"Paris, Île-de-France, France",2023-04-25
Chargé d'études statistiques et géomarketing F/H CDD,BRED Banque Populaire,"Joinville-le-Pont, Île-de-France, France",2023-05-02
Data Engineer - Team Data Platform (f/m/x),Leboncoin.fr,"Paris, Île-de-France, France",2023-04-26
Data analyst risque de crédit F/H,Jobs via eFinancialCareers,"Paris, Île-de-France, France",2023-04-27
Data Engineer Snowflake,WHIZE,"Neuilly-sur-Seine, Île-de-France, France",2023-05-04
Global Data Visualisation Developer (H/F),Club Med,"Paris, Île-de-France, France",2023-04-07
"Développeur Intelligence Artificielle ALTERNANCE F/H - Système, réseaux, données (H/F)",TEAMNET,"Paris, Île-de-France, France",2023-04-21
Data Proxy (H/F),Labsoft Paris,"Paris, Île-de-France, France",2023-04-05
Ingénieur en traitement des données de détection F/H,ANSSI - Agence nationale de la sécurité des systèmes d'information,"Paris, Île-de-France, France",2023-04-14
Data Engineer - Senior Associate (F/H),Publicis Sapient France,"Paris, Île-de-France, France",2023-05-04
Senior Quantitative Researcher – Equities,SR Investment Partners,"Paris, Île-de-France, France",2023-05-04
Senior Financial Data Analyst | Deals (M&A) | CDI | H/F,PwC France,"Neuilly-sur-Seine, Île-de-France, France",2023-05-04
Big Data en Alternance Octobre 2022 H/F,Sup de Vinci - école d'informatique,"Courbevoie, Île-de-France, France",2023-04-09
Data Engineer - Senior Associate (F/H),Publicis Sapient France,"Paris, Île-de-France, France",2023-05-04
Consultant Data Confirmé ou Senior Bi & Analytics H/F,Rhapsodies Conseil,"Paris, Île-de-France, France",2023-04-15
Ingenieur Fiabilite - Analyste des Donnees H/F,ACTA RECRUTEMENT & CONSEIL,"Plaisir, Île-de-France, France",2023-04-06
Data Engineer Snowflake,WHIZE,"Neuilly-sur-Seine, Île-de-France, France",2023-04-28
"Digital Web Analyst, CX & Digital Intelligence #SWX",Stellantis,"Poissy, Île-de-France, France",2023-04-15
Consultant(e) Data RH H/F,mc2i,"Paris, Île-de-France, France",2023-04-26
Lead Data Engineer H/F,Stellantis,"Poissy, Île-de-France, France",2023-04-16
Analyste de données d'actifs financiers F/H - CDI,Abeille Assurances,"Bois-Colombes, Île-de-France, France",2023-04-24
Senior Principal Consultant - Business Intelligence (SSRS) | Utilities,Oracle,"Paris, Île-de-France, France",2023-04-18
STATISTICIEN / DATA SCIENTIST - H/F - (STG-3976),Banque de France,"Paris, Île-de-France, France",2023-04-08
Programmeur Intelligence Artificielle (H/F/NB),QUANTIC DREAM,"Paris, Île-de-France, France",2023-04-08
Sales Support & Business Analyst,IDEMIA,"La Défense, Île-de-France, France",2023-05-03
Senior Data Engineer (H/F),DCube,"Paris, Île-de-France, France",2023-04-13
Ingénieur¿e analyste de données de consommation F/H - ENERCOOP (H/F),Enercoop,"Paris, Île-de-France, France",2023-04-05
Biostatistician II,Precision For Medicine,"Paris, Île-de-France, France",2023-04-28
Gaming Data Scientist,Homa,"Paris, Île-de-France, France",2023-04-09
Data Engineer Python Senior,Visian,"Levallois-Perret, Île-de-France, France",2023-04-07
Consultant Analytics (H/F),Wide Agency,"Levallois-Perret, Île-de-France, France",2023-04-28
IT Business Analyst,Glocomms,"Paris, Île-de-France, France",2023-05-03
Data Engineer II,Egencia,"Courbevoie, Île-de-France, France",2023-04-21
Ingénieur Data Interne - H/F,Talan,"Paris, Île-de-France, France",2023-04-19
Analyse ESG Due Diligence / Analyste RSE Senior – OneTrack,EthiFinance,"Paris, Île-de-France, France",2023-04-24
Développeur BI H/F,onepoint,"Paris, Île-de-France, France",2023-04-13
Economètre / Statisticien / Data Scientist H/F,Xerfi,"Paris, Île-de-France, France",2023-04-29
Consultant Expérimenté Enterprise Data & Analytics F/H,Capgemini Invent,"Paris, Île-de-France, France",2023-04-20
Développeur SAS - H/F,Lincoln France,"Boulogne-Billancourt, Île-de-France, France",2023-05-04
Alternant «Data Privacy & Protection Analyst» H/F,BNP Paribas Real Estate,"Boulogne-Billancourt, Île-de-France, France",2023-04-22
Manager BI H/F,PMU,"Paris, Île-de-France, France",2023-04-11
System Engineer,Ubique Systems,"Paris, Île-de-France, France",2023-05-04
CDI - IT & Data – Lead Data Engineer - Rueil-Malmaison (L8),Danone,"Rueil-Malmaison, Île-de-France, France",2023-04-21
Consultant Data & Business Strategy - CDI - (H/F),Publicis Media,"Paris, Île-de-France, France",2023-04-13
Data Engineer AWS confirmé H/F,SKIILS,"Puteaux, Île-de-France, France",2023-05-04
Quantitative Researcher Equities HFT - Paris,Quantitative Talent,"Paris, Île-de-France, France",2023-04-07
Analytics engineer,Mobiskill - Recrutement Tech,"Paris, Île-de-France, France",2023-04-06
ASSISTANT BUSINESS ANALYST ET REPORTING H/F,Dekra Industrial,"Roissy-en-France, Île-de-France, France",2023-04-20
Data Engineer - Confirmé.e,LittleBigCode,"Neuilly-sur-Seine, Île-de-France, France",2023-04-25
Junior Business Analyst / Analyste in Market Risk,Jobs via eFinancialCareers,"Paris, Île-de-France, France",2023-04-27
Data Engineer expérimenté en scale up greentech,Le Bureau des Talents,"Suresnes, Île-de-France, France",2023-05-02
Quantitative Researcher Equities HFT - Paris,Quantitative Talent,"Paris, Île-de-France, France",2023-04-07
Analytics engineer,Mobiskill - Recrutement Tech,"Paris, Île-de-France, France",2023-04-06
Data Engineer H/F,Jobs via eFinancialCareers,"Paris, Île-de-France, France",2023-05-01
ASSISTANT BUSINESS ANALYST ET REPORTING H/F,Dekra Industrial,"Roissy-en-France, Île-de-France, France",2023-04-20
Data Engineer - Confirmé.e,LittleBigCode,"Neuilly-sur-Seine, Île-de-France, France",2023-04-25
FREELANCE ASAP / Data Engineer (IT) / Freelance,Free-Work (ex Freelance-info Carriere-info),"Meudon, Île-de-France, France",2023-04-11
"Analyste SOC F/H - Système, réseaux, données (H/F)",Login Sécurité,"St.-Cloud, Île-de-France, France",2023-04-19
Technical Data Engineer Confirmed (H/F),APGAR,"Neuilly-sur-Seine, Île-de-France, France",2023-04-17
Consultant(e) Confirme(e) Data Analytics H/F,mc2i,"Paris, Île-de-France, France",2023-04-26
"Analyste sécurité F/H - Système, réseaux, données (H/F)",SEA TPI,"Paris, Île-de-France, France",2023-04-17
"Ingénieur données décisionnelles (réf.12901) F/H - Système, réseaux, données (H/F)",Sorbonne Université,"Paris, Île-de-France, France",2023-04-17
Quantum Computing Developer - 6-month internship,McKinsey & Company,"Paris, Île-de-France, France",2023-04-24
Lead/Senior Data Engineer,CareerAddict,"Boulogne-Billancourt, Île-de-France, France",2023-05-02
Ingénieur data integrity H/F,DAVRICOURT | Certified Positive Company®,"Ivry-sur-Seine, Île-de-France, France",2023-05-04
Wind Data Analyst ILA Engineer (F-H-X),Bureau Veritas Group,"La Défense, Île-de-France, France",2023-04-13
Data Engineer Python / Databricks (IT) / Freelance,Free-Work (ex Freelance-info Carriere-info),"La Défense, Île-de-France, France",2023-04-24
System Engineer,Berkeley Square,"Paris, Île-de-France, France",2023-04-19
Emerton Data: Data & DevOps Engineer,Emerton,"Paris, Île-de-France, France",2023-05-03
Business Analyst BI Senior,SOFTEAM,"Paris, Île-de-France, France",2023-05-04
Data Engineer Scala/Spark Pré-embauche H/F,Free-Work (ex Freelance-info Carriere-info),"Tremblay-lès-Gonesse, Île-de-France, France",2023-05-03
"Alternance - Assistant(e) Shopper Insights & Analytics,H/F",PepsiCo,"Colombes, Île-de-France, France",2023-04-22
Analytics Engineer,Shine,"Paris, Île-de-France, France",2023-04-25
Data Ingénieur SPARK,D4B Group,"Puteaux, Île-de-France, France",2023-05-04
BI Engineer,Numberly,"Paris, Île-de-France, France",2023-04-21
Senior Data Engineer,Ryte.ai,"Paris, Île-de-France, France",2023-05-02
Stage Informatique : Analyste haut de cycle / Data engineer / Data scientist,Stellantis,"Poissy, Île-de-France, France",2023-04-28
Alternant «Data Privacy & Protection Analyst» H/F,BNP Paribas,"Boulogne-Billancourt, Île-de-France, France",2023-04-05
Consultant Data Analytics - Développeur full stack| CDI| H/F,PwC France,"Neuilly-sur-Seine, Île-de-France, France",2023-04-28
Statistical Programmer II,Precision For Medicine,"Paris, Île-de-France, France",2023-04-28
Junior Python Engineer,Stuart,"Paris, Île-de-France, France",2023-04-25
"ALTERNANCE – Business Analyst, Développeur Power BI H/F",TotalEnergies,"Nanterre, Île-de-France, France",2023-04-25
Consultant BI / IBM Cognos Analytics CDI - H/F,Talan,"Paris, Île-de-France, France",2023-04-18
AMOA Données (H/F) – Paris,Infotel,"Paris, Île-de-France, France",2023-04-26
Développeur PL-SQL  F/H,Aubay,"Paris, Île-de-France, France",2023-04-20
System Engineer,TST Poland Sp Z o o,"Paris, Île-de-France, France",2023-04-17
DATA ENGINEER CLOUD (H/F/NB),TRIMANE | Expert BI et Big Data,"Puteaux, Île-de-France, France",2023-04-05
Cloud Data Engineer - AI Technology F/H,Schneider Electric,"Rueil-Malmaison, Île-de-France, France",2023-04-11
Senior Data Engineer,HP,"Meudon, Île-de-France, France",2023-04-29
Data Engineer Senior (H/F),APGAR,"Neuilly-sur-Seine, Île-de-France, France",2023-04-17
Data Engineer (IT) / Freelance,Free-Work (ex Freelance-info Carriere-info),"Val-De-Marne, Île-de-France, France",2023-04-04
Data Engineer Expérimenté,Euroclear,"Paris, Île-de-France, France",2023-04-25
Consultant AMOA DATA/BI  - H/F,Talan,"Paris, Île-de-France, France",2023-04-26
Développeur MS Power BI F/H,Wabtec Corporation,"Gennevilliers, Île-de-France, France",2023-04-20
Business Analyst IMX,HN Services,"Montrouge, Île-de-France, France",2023-05-04
Distributed Systems Engineer - Analytical Database Platform,Cloudflare,"Paris, Île-de-France, France",2023-04-20
Data Engineer (IT) / Freelance,Free-Work (ex Freelance-info Carriere-info),"Suresnes, Île-de-France, France",2023-04-08
"Analyste SOC F/H - Système, réseaux, données (H/F)",Login Sécurité,"St.-Cloud, Île-de-France, France",2023-04-19
Data Engineer Qlik - H/F,Lincoln France,"Issy-les-Moulineaux, Île-de-France, France",2023-04-19
Tech Lead Data engineer H/F,Groupement des Mousquetaires,"Châtillon, Île-de-France, France",2023-04-04
Senior Data Engineer,SumUp,"Paris, Île-de-France, France",2023-05-03
"Data Scientist / Economètre / Statisticien PARIS F/H - Système, réseaux, données (H/F)",Xerfi Spécific,"Paris, Île-de-France, France",2023-04-11
ALTERNANT Ingénieur Développement BI H/F,Transgourmet France,"Valenton, Île-de-France, France",2023-04-06
Ingénieur data H/F,Free-Work (ex Freelance-info Carriere-info),"Champs-sur-Marne, Île-de-France, France",2023-04-27
Ingénieur Data Expérimenté H/F,Egis Transport Solutions,"Guyancourt, Île-de-France, France",2023-04-20
Analytics engineer Freelance,Mobiskill - Recrutement Tech,"Paris, Île-de-France, France",2023-04-06
"IT Business Analyst H/F, Paris",Capgemini,"Paris, Île-de-France, France",2023-04-09
Infrastructure Engineer Intern,Criteo,"Paris, Île-de-France, France",2023-05-03
Salesforce CPQ Developer,Cloudflare,"Paris, Île-de-France, France",2023-04-18
Alternance - Data Scientist - H/F,Groupe TF1,"Boulogne-Billancourt, Île-de-France, France",2023-04-05
RTB Data Scientist - Intern,Numberly,"Paris, Île-de-France, France",2023-04-21
Ingénieur IT Quant (H/F),Algofi,"Paris, Île-de-France, France",2023-04-24
Business Analyst IT,Anywr,"Paris, Île-de-France, France",2023-05-04
Senior Data Engineer,Mobiskill - Recrutement Tech,"Paris, Île-de-France, France",2023-04-21
Emerton Data: Data & DevOps Engineer,Emerton,"Paris, Île-de-France, France",2023-05-03
Data Engineer Big Data H/F,CGI,"Paris, Île-de-France, France",2023-04-25
Data engineer confirmé H/F,Atos,"Bezons, Île-de-France, France",2023-05-02
"Analyste sécurité - Client final F/H - Système, réseaux, données (H/F)",Neovity,"Paris, Île-de-France, France",2023-04-17
Quant Researcher,Jobs via eFinancialCareers,"Paris, Île-de-France, France",2023-04-07
Alternance - Analyste développeur décisionnel - BLUELINK - H/F,Air France,"Paris, Île-de-France, France",2023-04-19
Ingénieur BI - Confirmé - CDI - H/F,Atos,"Bezons, Île-de-France, France",2023-05-01
"Statistical SAS Programmer II - office- or home-based, EMEA",Labcorp,"Rueil-Malmaison, Île-de-France, France",2023-04-21
Product Owner Data / Business Analyst (H/F/NB),TRIMANE | Expert BI et Big Data,"Puteaux, Île-de-France, France",2023-04-05
Chargé de projets - Technology Intelligence F/H,Intertek France,"Puteaux, Île-de-France, France",2023-05-02
Lead Data Engineer,SUEZ,"Courbevoie, Île-de-France, France",2023-04-19
Data engineer confirmé H/F,Atos,"Bezons, Île-de-France, France",2023-05-02
Lead/Senior Data Engineer,CareerAddict,"Boulogne-Billancourt, Île-de-France, France",2023-05-02
Data analyste informatique - Power BI (H/F) (IT) / Freelance,Free-Work (ex Freelance-info Carriere-info),"Nanterre, Île-de-France, France",2023-04-24
STAGE - Business Analyst - Retail Africa - F/H,TotalEnergies,"Courbevoie, Île-de-France, France",2023-04-24
Systematic Quant Researcher,Jobs via eFinancialCareers,"Paris, Île-de-France, France",2023-04-18
Senior Data Solutions Engineer,Numberly,"Paris, Île-de-France, France",2023-04-21
Climate analytics data scientist H/F,BNP Paribas,"Paris, Île-de-France, France",2023-04-25
Data Governance Engineer #SWX,Stellantis,"Poissy, Île-de-France, France",2023-04-30
Market Index Data Specialist,Capital Fund Management (CFM),"Paris, Île-de-France, France",2023-04-21
Programmeur Intelligence Artificielle (H/F/NB),QUANTIC DREAM,"Paris, Île-de-France, France",2023-04-08
Alternance - IT Business Analyst H/F,Technip Energies,"Nanterre, Île-de-France, France",2023-04-20
Assistant business analyst-(H/F),Societe Generale,"La Défense, Île-de-France, France",2023-04-21
Alternance Data Ingénieur - H/F,Jobs via eFinancialCareers,"Paris, Île-de-France, France",2023-04-20
Consultant expérimenté Data Analytics,Mydral,"Paris, Île-de-France, France",2023-04-20
Experts Linux SQL Oracle  (h/f),DATAQUANTIC,"Montreuil, Île-de-France, France",2023-04-27
Senior Data Engineer,Trimble Inc.,"Gentilly, Île-de-France, France",2023-04-23
Tech Lead Data Scientist - H/F,Talan,"Paris, Île-de-France, France",2023-05-03
Data Engineer DevOps H/F,Inetum,"Courbevoie, Île-de-France, France",2023-04-22
Développeur.se Big Data (F/H),Novencia Group,"Paris, Île-de-France, France",2023-04-17
Développeur BI h/f,Free-Work (ex Freelance-info Carriere-info),"Massy, Île-de-France, France",2023-04-13
"Big Data Engineer – Paris, France (H/F)",Astek,"Paris, Île-de-France, France",2023-05-03
"Information systems infrastructures, cloud & 365 Engineer W/M",MicroPort CRM,"Clamart, Île-de-France, France",2023-04-18
Ingénieur d'étude Microsoft BI Confirmé H/F,Operanka Associates,"Paris, Île-de-France, France",2023-04-30
Business Analyst - Data Management (OPCVM) - F/H,Jobs via eFinancialCareers,"Montrouge, Île-de-France, France",2023-04-11
Ingénieur DATA - BIG DATA / TIPS (H/F),CGI,"Paris, Île-de-France, France",2023-04-24
"Analyste sécurité F/H - Système, réseaux, données (H/F)",SEA TPI,"Paris, Île-de-France, France",2023-04-17
Data Engineering H/F at Apsid'EA,join.com,"Fontenay-sous-Bois, Île-de-France, France",2023-04-22
"Big Data Engineer – Paris, France (H/F)",Astek,"Paris, Île-de-France, France",2023-05-03
Responsable technique Data Engineer - Issy les Moulineaux - H/F,Capgemini,"Paris, Île-de-France, France",2023-04-09
Data Engineer Cloud– GCP Confirmé F/H,VISEO,"Boulogne-Billancourt, Île-de-France, France",2023-04-13
Web Analytics Consultant(e),Digilityx,"Paris, Île-de-France, France",2023-05-04
Intermediate/Senior Data Engineer,Echo Analytics,"Paris, Île-de-France, France",2023-04-23
Business Analyst Junior Amerisc (F/H) IT CIO,Natixis Corporate & Investment Banking,"Charenton-le-Pont, Île-de-France, France",2023-05-04
Junior Quantitative Engineer / Ingénieur,Jobs via eFinancialCareers,"Paris, Île-de-France, France",2023-04-29
Internship - Python Developer and Machine Learning,Alstom,"St.-Ouen, Île-de-France, France",2023-05-04
Lead Data Engineer H/F,Klee Group,"Le Plessis-Robinson, Île-de-France, France",2023-04-28
Cloud Data Engineer (H/F),Devoteam G Cloud,"Levallois-Perret, Île-de-France, France",2023-04-26
Senior Data Engineer,Foodles,"Clichy, Île-de-France, France",2023-04-27
Business Analyst - Compliance Market Abuse - ALL DATA - BFI H/F,Nexoris,"Paris, Île-de-France, France",2023-04-27
Job offer Climate analytics data scientist H/F - BNP Paribas,Jobs via eFinancialCareers,"Paris, Île-de-France, France",2023-05-02
Solution Engineer Internship - Bigdata & Analytics Fintech,Opensee,"Paris, Île-de-France, France",2023-04-09
"Tech Lead Microsoft BI – Paris, France (H/F)",Astek,"Paris, Île-de-France, France",2023-05-03
Lead Analytics Engineer,Qonto,"Paris, Île-de-France, France",2023-04-28
Data Engineer dbt H/F,Talan,"Paris, Île-de-France, France",2023-04-11
Quant Researcher,Jobs via eFinancialCareers,"Paris, Île-de-France, France",2023-04-07
Ingénieur IAM (H/F),Lutessa,"Paris, Île-de-France, France",2023-05-02
APPRENTICESHIP - Linux/Devops Engineer,Netatmo,"Paris, Île-de-France, France",2023-04-07
"Senior Data Analyst (Bangkok Based, Relocation Provided)",Agoda,"Paris, Île-de-France, France",2023-04-26
"IT Business Analyst H/F, Paris",Capgemini,"Paris, Île-de-France, France",2023-04-09
Ingénieur Système Office 365 H/F,Synapsys,"Paris, Île-de-France, France",2023-04-25
Offre canicule,H2A,"Arcueil, Île-de-France, France",2023-04-24
"Tech Lead Microsoft BI – Paris, France (H/F)",Astek,"Paris, Île-de-France, France",2023-05-03
Tech Lead Data H/F,Michael Page,"Issy-les-Moulineaux, Île-de-France, France",2023-04-14
APPRENTISSAGE - SIEM / Analytics : Front-End Big Data (H/F),Dassault Systèmes,"Vélizy-Villacoublay, Île-de-France, France",2023-05-02
Head of Revenue Management and Forecasting (M/F),Europcar Mobility Group,"17th arrondissement of Paris, Île-de-France, France",2023-04-05
DATA ENGINEER / MLOPS - H/F - (CDI-4172),Banque de France,"Paris, Île-de-France, France",2023-04-27
Développeur python/DBA oracle,ANTARES IT,"Champigny-sur-Marne, Île-de-France, France",2023-05-02
Développeur python/DBA oracle,ANTARES IT,"Fontenay-sous-Bois, Île-de-France, France",2023-05-02
SRE - Engineer Data Platform F/H,Thales,"Vélizy-Villacoublay, Île-de-France, France",2023-04-24
SRE - Engineer Data Platform F/H,Thales,"Vélizy-Villacoublay, Île-de-France, France",2023-04-24
"Business Analyst, IT Gestion (H/F) - Ostrum",Natixis Investment Managers,"Paris, Île-de-France, France",2023-04-19
Senior Data Engineer,Too Good To Go,"Paris, Île-de-France, France",2023-04-20
Senior Data Engineer,Flitter,"Paris, Île-de-France, France",2023-04-26
AI Security Engineer,Boston Consulting Group (BCG),"Paris, Île-de-France, France",2023-04-24
CDI Data analyste informatique (anglais) (h/f) (IT) / Freelance,Free-Work (ex Freelance-info Carriere-info),"Val-De-Marne, Île-de-France, France",2023-04-13
Senior Data Engineer (H/F),DCube,"Paris, Île-de-France, France",2023-04-13
Bio statistical programmer,Nanobiotix,"Paris, Île-de-France, France",2023-05-02
CONSULTANT WEB ANALYTICS,Harnham,"Paris, Île-de-France, France",2023-04-19
Senior Data Engineer,Octopus Energy,"Paris, Île-de-France, France",2023-04-30
"Statistical Analyst (Bangkok Based, Relocation Provided)",Agoda,"Paris, Île-de-France, France",2023-04-21
Développeur Power BI / Site SharePoint ALT H/F,Transdev,"Issy-les-Moulineaux, Île-de-France, France",2023-04-24
Assistant E-Business Analyst F/H – Stage / Alternance,Christian Dior Couture,"Paris, Île-de-France, France",2023-04-25
Software & Applications Apprentice (H/F) - 1 year,AXA en France,"Paris, Île-de-France, France",2023-04-12
IT Remote Engineer (Location - Paris),Six Star Global,"Paris, Île-de-France, France",2023-04-28
DevOps Internship - Big Data & Analytics Fintech,Opensee,"Paris, Île-de-France, France",2023-04-09
Senior Data Engineer,DCube,"Paris, Île-de-France, France",2023-04-06
ALTERNANCE - Data scientist Supply Chain H/F,TotalEnergies,"Nanterre, Île-de-France, France",2023-05-03
Apprenti(e) -Business Analyst Finance - Contrôle de Gestion & Data Reporting H/F pour Air France/KLM,Air France,"Paris, Île-de-France, France",2023-04-17
DATA analyste informatique RUN (IT) / Freelance,Free-Work (ex Freelance-info Carriere-info),"Aubervilliers, Île-de-France, France",2023-04-20
Junior IT Service Engineer,Stephenson Harwood LLP,"Paris, Île-de-France, France",2023-04-19
Senior Data modeler Snowflake H/F,Cognizant,"Paris, Île-de-France, France",2023-04-28
Lead Data Engineer,Shine,"Paris, Île-de-France, France",2023-04-24
Ingénieur BI - Confirmé - CDI - H/F,Atos,"Bezons, Île-de-France, France",2023-05-01
Business Analyst - Compliance Market Abuse - ALL DATA - BFI (H/F),Nexoris,"Paris, Île-de-France, France",2023-05-02
Senior Data Engineer,Buildrz,"Paris, Île-de-France, France",2023-04-27
Tech lead intelligence client F/H,Bpifrance,"Maisons-Alfort, Île-de-France, France",2023-04-21
Docteur - R&D - Data Analyste - (H/F),Expleo Group,"Yvelines, Île-de-France, France",2023-04-26
DATA analyste informatique SAS (IT) / Freelance,Free-Work (ex Freelance-info Carriere-info),"Rueil-Malmaison, Île-de-France, France",2023-04-20
Ingénieur Système LINUX/AIX (H/F),ScaleSquad,"Nanterre, Île-de-France, France",2023-05-02
Researcher in deep learning research and innovation,Huawei Paris Research Center,"Boulogne-Billancourt, Île-de-France, France",2023-04-18
Développeur junior F/H,Albioma,"Puteaux, Île-de-France, France",2023-04-26
Assistant Business Analyst Private Asset (Alternance)- H/F,Taleo Consulting,"Paris, Île-de-France, France",2023-04-19
Alternance / Stage - BI Engineer,Numberly,"Paris, Île-de-France, France",2023-04-21
Web Analytics Consultant(e),Digilityx,"Paris, Île-de-France, France",2023-05-04
Systematic Fund Adding Junior PhD Crypto Quant / Paris,Jobs via eFinancialCareers,"Paris, Île-de-France, France",2023-04-11
CDI Senior Web Analyst H/F,Groupe Pierre & Vacances - Center Parcs,"Paris, Île-de-France, France",2023-04-25
Ingénieur SSI,Quick Source,"Vélizy-Villacoublay, Île-de-France, France",2023-04-19
Analytics Software Engineer F/H,EDF,"St.-Denis, Île-de-France, France",2023-04-28
Software Developer analytics,LSEG (London Stock Exchange Group),"Puteaux, Île-de-France, France",2023-04-27
Cloud Data Engineer F/H,Schneider Electric,"Rueil-Malmaison, Île-de-France, France",2023-04-11
"Business Analyst Comptabilité, Risque et Reporting Réglementaire H/F",Inetum,"Courbevoie, Île-de-France, France",2023-04-25
Business Analyst IT,COPERNEEC by Canopee Group,"Île-de-France, France",2023-04-13
Python Contractor,IC Resources,"Paris, Île-de-France, France",2023-05-02
Quantum Algorithm Developer,Barrington James,"Île-de-France, France",2023-04-06
"Consultant Expérimenté & Manager en « Data Analyst & BI » - Secteur Financier, H/F",EY,"Paris, Île-de-France, France",2023-05-03
Cloud Data Engineer H/F,Cognizant,"Paris, Île-de-France, France",2023-04-22
Senior Biostatistician,Barrington James,"Île-de-France, France",2023-04-26
Business Analyst Data Insurance H/F,Cognizant,"Paris, Île-de-France, France",2023-04-12
Data Engineer Snowflake H/F,Talan,"Paris, Île-de-France, France",2023-04-24
Développeur python & data analyste-(H/F),Societe Generale,"Fontenay-sous-Bois, Île-de-France, France",2023-04-27
Data Engineer / Talend Big Data (H/F),Micropole,"Levallois-Perret, Île-de-France, France",2023-05-04
Business Intelligence Developer,Odycron Consulting,"Paris, Île-de-France, France",2023-05-02
Développeur Python H/F,FINAXYS,"Paris, Île-de-France, France",2023-04-30
Consultant Data Engineer Azure H/F,Adapt RH,"Paris, Île-de-France, France",2023-04-22
Consultant Expérimenté frog Data & Analytics F/H,Capgemini Invent,"Issy-les-Moulineaux, Île-de-France, France",2023-04-27
Développeur MS SQL server H/F,BATIBIG,"Clichy, Île-de-France, France",2023-04-11
BP²I - DATA Engineer / Développeur Tableau - H/F,BNP Paribas,"Montreuil, Île-de-France, France",2023-04-24
Alternance - Assistant(e) Business Analyst & Formations - Equitation (H/F),Hermès,"Paris, Île-de-France, France",2023-04-15
Solutions Engineer - Adtech,Numberly,"Paris, Île-de-France, France",2023-04-21
ALTERNANCE - Chargé(e) d'études statistiques H/F,GROUPAMA GAN VIE,"Hauts-de-Seine, Île-de-France, France",2023-05-02
ALTERNANCE - Développeur équipe Market Data H/F,Murex,"Paris, Île-de-France, France",2023-04-17
Ingénieur data logiciel -(H/F),Societe Generale,"Courbevoie, Île-de-France, France",2023-04-14
"Senior Business Analyst ""Data"" H/F",Avanade,"Paris, Île-de-France, France",2023-05-01
APPRENTICESHIP - Web Applications Development,Netatmo,"Paris, Île-de-France, France",2023-04-28
Responsable technique Data Engineer - Issy les Moulineaux - H/F,Capgemini,"Paris, Île-de-France, France",2023-04-09
Business Analyst Front Office H/F,Inetum,"Courbevoie, Île-de-France, France",2023-04-23
Apprentissage - Analyste de Données Rémunération & Avantages Sociaux (F/H),Jobs via eFinancialCareers,"Paris, Île-de-France, France",2023-04-27
Tech Lead Python Data Engineer (H/F),ACTIVUS Group,"Paris, Île-de-France, France",2023-04-14
IT Business Analyst Senior,Visian,"Levallois-Perret, Île-de-France, France",2023-04-11
Expert Linux H/F,Inetum,"Paris, Île-de-France, France",2023-05-04
Ingénieur Data Expérimenté H/F,Egis,"Guyancourt, Île-de-France, France",2023-04-27
Ingénieur.e IA bio-inspirée,AnotherBrain,"Paris, Île-de-France, France",2023-04-28
Business Developer Formation Junior,Quaternaire,"Paris, Île-de-France, France",2023-05-03
ALTERNANCE – Data Scientist H/F,TotalEnergies,"Nanterre, Île-de-France, France",2023-05-03
Référent Applicatif Business Intelligence F/H,Safran,"Palaiseau, Île-de-France, France",2023-04-26
Lead Data Engineer AWS (H/F),JCDecaux,"Neuilly-sur-Seine, Île-de-France, France",2023-04-17
Senior Biostatistician,PSI CRO AG,"Paris, Île-de-France, France",2023-04-28
Development Support Engineer (M/F),Ingenico,"Suresnes, Île-de-France, France",2023-05-04
Assistant Business Analyst,Infotel,"Neuilly-sur-Seine, Île-de-France, France",2023-04-18
ANALYSTE DONNÉES SUPPLY CHAIN (F/H),Expectra,"Gentilly, Île-de-France, France",2023-04-20
AWS CLOUD INGENIEUR JUNIOR,Reply,"Paris, Île-de-France, France",2023-05-02
Business Analyst Reporting H/F,Jobs via eFinancialCareers,"Charenton-le-Pont, Île-de-France, France",2023-04-25
Ingénieur Système en  Virtualisation F/H,Orange Business,"Île-de-France, France",2023-04-19
Ingénieur systèmes Linux,Neosoft,"Paris, Île-de-France, France",2023-04-20
Data Scientist / Machine Learning Engineer H/F,Air France,"Paris, Île-de-France, France",2023-04-20
Senior Developer analytics,LSEG (London Stock Exchange Group),"Puteaux, Île-de-France, France",2023-04-27
Apprenticeship IFP School – Digital Application Engineer (F/M),Axens,"Rueil-Malmaison, Île-de-France, France",2023-05-02
BP²I - Ingénieur infrastructure z/OS system Métrologie - H/F,BNP Paribas Partners for Innovation (BP²I),"Montreuil, Île-de-France, France",2023-04-23
Application Developer - Alternance,SoftwareOne,"Levallois-Perret, Île-de-France, France",2023-04-21
Consultant·e Cloud Data Engineer (Confirmé·e/Sénior·e),Saegus,"Paris, Île-de-France, France",2023-04-06
IT Business Analyst for Global Medical Affairs,Ipsen,"Boulogne-Billancourt, Île-de-France, France",2023-04-19
Lead data Engineer (IT) / Freelance,Free-Work (ex Freelance-info Carriere-info),"Cachan, Île-de-France, France",2023-04-17
Security Incident Response Engineer,Solvay,"Aubervilliers, Île-de-France, France",2023-04-21
CDI - Data Scientist 'Pôle Data' (Python) F/H,Mediametrie,"Levallois-Perret, Île-de-France, France",2023-04-20
Ingénieur mobilité F/H,Orange Business,"Massy, Île-de-France, France",2023-05-04
Ingénieur Système LINUX/AIX (H/F),ScaleSquad,"Nanterre, Île-de-France, France",2023-05-02
Ingénieur Recherche Opérationnelle H/F,Air France,"Paris, Île-de-France, France",2023-04-20
ALIT GDO - BI Data Engineer H/F,Air Liquide,"Paris, Île-de-France, France",2023-04-26
Senior Data Engineer | Python - Spark - Azure | Spécialiste en Big Data | Paris ou Remote Partiel,Octopus IT - Expert du recrutement tech,"Paris, Île-de-France, France",2023-04-21
Développeur / Développeuse informatique (H/F),FAYAT IT,"Massy, Île-de-France, France",2023-04-14
Data Engineer Confirmé - Scala,AVIV Group,"Paris, Île-de-France, France",2023-04-26
Nonclinical Lead Statistician,PharmiWeb.Jobs: Global Life Science Jobs,"Paris, Île-de-France, France",2023-04-21
Ingénieur Microsoft/Windows,SiPearl,"Maisons-Laffitte, Île-de-France, France",2023-04-28
Ingénieur Microsoft H/F,Inetum,"Puteaux, Île-de-France, France",2023-04-27
Assistant Business Analyst et Demand PlanningStage (Juillet-Décembre) H/F,SANDRO,"Paris, Île-de-France, France",2023-04-20
Ingénieur GMAO – Carl F/H,OTEIS Conseil & Ingénierie,"Paris, Île-de-France, France",2023-04-19
Development Support Engineer (M/F),Ingenico,"Suresnes, Île-de-France, France",2023-05-04
Machine Learning Engineer,Gorgias,"Paris, Île-de-France, France",2023-05-03
Ingénieur monitoring Zabbix (H/F),Capgemini,"Île-de-France, France",2023-04-18
AI Engineer en Alternance,OpenClassrooms,"Paris, Île-de-France, France",2023-04-19
Business analyst it-(H/F),Societe Generale Corporate and Investment Banking - SGCIB,"La Défense, Île-de-France, France",2023-05-01
Data Scientist H/F,Capgemini,"Paris, Île-de-France, France",2023-04-07
Consultant Expérimenté frog Data Analytics F/H,Capgemini,"Paris, Île-de-France, France",2023-04-07
Business Analyst Junior - Third Parties - IT CIB,Natixis Corporate & Investment Banking,"Charenton-le-Pont, Île-de-France, France",2023-04-19
Ingénieur(e) système AI - detection d'objets,Valeo,"Bobigny, Île-de-France, France",2023-05-03
MongoDB Engineer (France),Delbridge Solutions,"Paris, Île-de-France, France",2023-04-21
Consultant Sénior Qlik / Tableau,Inetum,"St.-Ouen, Île-de-France, France",2023-04-18
Lead Security Engineer,Netatmo,"Paris, Île-de-France, France",2023-04-28
Power Automate Developer [Remote],Braintrust,"Paris, Île-de-France, France",2023-05-02
EXPERT DIGITAL ANALYTICS,Harnham,"Paris, Île-de-France, France",2023-04-22
Business Data analyste informatique H/F (IT) / Freelance,Free-Work (ex Freelance-info Carriere-info),"Nanterre, Île-de-France, France",2023-05-03
Consultant QlikSense H/F,ami Consulting,"Neuilly-sur-Seine, Île-de-France, France",2023-05-02
Business Analyst Front Office _ taux non linéaires - H/F,Talan,"Paris, Île-de-France, France",2023-04-24
Remote Backend Engineer (Go),Truvity,"Paris, Île-de-France, France",2023-05-03
Alternance - Digital analyst (HF),Hennessy,"Paris, Île-de-France, France",2023-04-19
Alternant Data Scientist (H/F),Crédit Mutuel Île-de-France,"Courbevoie, Île-de-France, France",2023-04-26
Alternance - Assistant Business Analyst Retail Performance et Service (H/F),Hermès,"Paris, Île-de-France, France",2023-05-01
Sales Operations Business Analyst - H/F,Dassault Systèmes,"Vélizy-Villacoublay, Île-de-France, France",2023-04-28
Python Developer [Remote],Braintrust,"Paris, Île-de-France, France",2023-05-02
Lead Systems Engineer,Subsea7,"Suresnes, Île-de-France, France",2023-05-04
Senior Data Engineer (H/F),EPSILON France,"Paris, Île-de-France, France",2023-04-18
Junior Business Analyst in Market Risk,Murex,"Paris, Île-de-France, France",2023-04-27
Un Data analyste informatique RUN sur IDF (IT) / Freelance,Free-Work (ex Freelance-info Carriere-info),"Aubervilliers, Île-de-France, France",2023-04-21
Security Engineer - Incident Response Engineering,Datadog,"Paris, Île-de-France, France",2023-04-18
Senior Data Engineer,MWM,"Paris, Île-de-France, France",2023-05-02
Chef de projet BI/Tech - H/F,Talan,"Paris, Île-de-France, France",2023-04-26
"Développeur BI/Cloud F/H - Exploitation, maintenance informatique (H/F)",KerTechnologie,"Fontenay-sous-Bois, Île-de-France, France",2023-04-19
Consultant / consultante Qliksense / Qlikview (H/F),Idigao,"Paris, Île-de-France, France",2023-04-13
Systems Engineer,IAP Worldwide Services,"Us, Île-de-France, France",2023-04-21
Ingénieur(e) Système Amont / Spécification Fonctionnelle (H/F),Thales,"Vélizy-Villacoublay, Île-de-France, France",2023-04-27
System Integration Engineer,Sequans Communications,"Paris, Île-de-France, France",2023-04-30
Ingénieur Système (H/F),SECURINFOR,"Champs-sur-Marne, Île-de-France, France",2023-04-27
IT Infrastructure Engineer,Kyriba,"St.-Cloud, Île-de-France, France",2023-04-25
Consultant.e Data Marketing Confirmé (F/H),Elevate | Agence Data & Technologies Marketing,"Paris, Île-de-France, France",2023-04-11
Data Engineer Python Senior,Visian,"Levallois-Perret, Île-de-France, France",2023-04-07
"SysOps – Paris, France (H/F)",Astek,"Paris, Île-de-France, France",2023-04-17
Biometric Research Scientist (F/H),Thales,"Palaiseau, Île-de-France, France",2023-05-02
Ingénieur(e)-chercheur(se) en intelligence artificielle distribuée H/F,CEA,"Saclay, Île-de-France, France",2023-04-19
Business Analyst ELCO (H/F),Ariston Group,"St.-Denis, Île-de-France, France",2023-04-21
Infrastructure Engineer,Lago,"Paris, Île-de-France, France",2023-04-20
System Engineer,Valeo,"Cergy-Pontoise, Île-de-France, France",2023-04-30
Ingenieur systemes Linux,Econocom,"Île-de-France, France",2023-04-28
Alternant Data Scientist (F/H),Carrefour,"Massy, Île-de-France, France",2023-04-11
System Engineer,Valeo,"Cergy-Pontoise, Île-de-France, France",2023-04-26
Cloud Engineer Junior (F/H/X),ekino,"Pantin, Île-de-France, France",2023-05-03
"Finance Analyst - Balance Sheet and Statistical Management Reporting, Paris.",Jobs via eFinancialCareers,"Paris, Île-de-France, France",2023-04-11
Technical Data Engineer Senior (H/F),APGAR,"Neuilly-sur-Seine, Île-de-France, France",2023-04-17
Digital Analyst,Blue Search Conseil,"Paris, Île-de-France, France",2023-05-02
Ingénieur de production IT / Analyste d'exploitation,Akkodis,"Île-de-France, France",2023-04-20
Database Reliability Engineer (f/m/d),Decathlon Digital,"Paris, Île-de-France, France",2023-04-08
Quantum Algorithms Developer,Alice & Bob,"Paris, Île-de-France, France",2023-04-17
Customer Identity and Access Management Engineer,Sodexo Benefits and Rewards Services,"Issy-les-Moulineaux, Île-de-France, France",2023-04-17
Cloud Engineer Junior (F/H/X),ekino,"Pantin, Île-de-France, France",2023-05-03
"Finance Analyst - Balance Sheet and Statistical Management Reporting, Paris.",Jobs via eFinancialCareers,"Paris, Île-de-France, France",2023-04-11
Tech Lead MS Bi H/F,AQUANTIS  l Cabinet de recrutement,"Paris, Île-de-France, France",2023-04-05
Technical Data Engineer Senior (H/F),APGAR,"Neuilly-sur-Seine, Île-de-France, France",2023-04-17
Analyste-programmeur / Analyste-programmeuse informatique (H/F),Talents IT,"Paris, Île-de-France, France",2023-04-21
Digital Analyst,Blue Search Conseil,"Paris, Île-de-France, France",2023-05-02
Ingénieur de production IT / Analyste d'exploitation,Akkodis,"Île-de-France, France",2023-04-20
Database Reliability Engineer (f/m/d),Decathlon Digital,"Paris, Île-de-France, France",2023-04-08
Quantum Algorithms Developer,Alice & Bob,"Paris, Île-de-France, France",2023-04-17
Customer Identity and Access Management Engineer,Sodexo Benefits and Rewards Services,"Issy-les-Moulineaux, Île-de-France, France",2023-04-17
SecOps Engineer,Ingenico,"Suresnes, Île-de-France, France",2023-04-12
LEAD DATA ENGINEER H/F (IT) / Freelance,Free-Work (ex Freelance-info Carriere-info),"Gonesse, Île-de-France, France",2023-04-20
Développeur Power Automate (F/H),Apside,"Paris, Île-de-France, France",2023-04-28
Technical Data Engineer Senior (H/F),APGAR,"Neuilly-sur-Seine, Île-de-France, France",2023-04-17
Analyste-programmeur / Analyste-programmeuse informatique (H/F),Talents IT,"Paris, Île-de-France, France",2023-04-28
Développeur Big Data H/F,Inetum,"St.-Ouen, Île-de-France, France",2023-04-23
IT Business Analyst for GMA and GRDO M/W,Ipsen,"Boulogne-Billancourt, Île-de-France, France",2023-04-19
File Transfer System Engineer,Euroclear,"Paris, Île-de-France, France",2023-04-14
ALTERNANCE - Ingénieur(e) BigData (F/H),Thales,"Vélizy-Villacoublay, Île-de-France, France",2023-04-25
Senior Data Engineer | Python - Spark - GCP | Appli mobile d'échange Live,Octopus IT - Expert du recrutement tech,"Paris, Île-de-France, France",2023-04-07
Alternant DATA Scientist (H/F),Crédit Mutuel Île-de-France,"Courbevoie, Île-de-France, France",2023-04-26
POEI Reconversion Informatique : Développeur Mainframe (H/F),SARDEL Conseil,"Paris, Île-de-France, France",2023-04-20
Ingénieur Linux H/F,Inetum,"Puteaux, Île-de-France, France",2023-04-27
Data engineer Finance DevOps Hadoop freelance H/F H/F,Nexoris,"Paris, Île-de-France, France",2023-05-04
KERING Financial systems senior analyst,Kering,"Paris, Île-de-France, France",2023-04-25
FinOps Engineer,Mirakl,"Paris, Île-de-France, France",2023-04-21
Alternant Ingénieur Sécurité et Protection des données (H/F) le Bourget,DHL,"Le Bourget, Île-de-France, France",2023-04-21
Ingénieur Virtualisation,FORSITEC (groupe MGI),"Paris, Île-de-France, France",2023-04-18
Business analyste informatique Analytics Data (IT) / Freelance,Free-Work (ex Freelance-info Carriere-info),"Maisons-Alfort, Île-de-France, France",2023-04-28
Expert Tableau,Computer Futures,"Paris, Île-de-France, France",2023-04-18
Blockchain Developer,PAC ASSOCIATION,"Paris, Île-de-France, France",2023-05-04
Consultant Expérimenté Enterprise Data Analytics F/H,Capgemini,"Paris, Île-de-France, France",2023-04-07
Stage - Assistant(e) Business Analyst Performance Client (H/F),Hermès,"Pantin, Île-de-France, France",2023-04-21
Consultant expérimenté Data Engineer | CDI | F/H,PwC France,"Neuilly-sur-Seine, Île-de-France, France",2023-04-27
Consultant Tableau Software (F/H),Aubay,"Paris, Île-de-France, France",2023-05-04
Développeur / Développeuse informatique (H/F),Harry Hope.,"Paris, Île-de-France, France",2023-04-16
IT Strategy Analyst - stage de fin d'études,SINGULIER,"Paris, Île-de-France, France",2023-04-27
Chef(fe) de projet BI (H/F),Talents IT,"Paris, Île-de-France, France",2023-04-15
Business Developer Tech/IT,pasteque.io,"Clamart, Île-de-France, France",2023-04-13
Senior Data Center Project Engineer,Amazon,"Courbevoie, Île-de-France, France",2023-05-01
Ingénieur Systèmes Linux Cloud,Maten,"Paris, Île-de-France, France",2023-05-03
Senior Data Engineer H/F,lesfurets,"Paris, Île-de-France, France",2023-05-04
Data Scientist,Numberly,"Paris, Île-de-France, France",2023-04-21
Senior IS Engineer (Calypso) W/M,Arcelormittal Treasury,"St.-Denis, Île-de-France, France",2023-04-19
"Ingénieur en science des données, IA et apprentissage statistique F/H",Framatome,"Courbevoie, Île-de-France, France",2023-04-06
System Verification & Validation Engineer,EOS imaging,"Paris, Île-de-France, France",2023-04-19
Programmeur infrastructure F/H/X,DON'T NOD,"Paris, Île-de-France, France",2023-04-06
Cloud Data Engineer,Kyriba,"St.-Cloud, Île-de-France, France",2023-05-03
Consultant Data Engineer confirmé IDF (H/F),Jems Group,"Île-de-France, France",2023-04-06
Lead Data Engineer F/H,Harnham,"Paris, Île-de-France, France",2023-04-06
Développeur SharePoint et Power Platform junior H/F,PAPREC,"La Courneuve, Île-de-France, France",2023-04-05
Data Manager Manufacturing 4.0 F/H,Safran,"Vélizy-Villacoublay, Île-de-France, France",2023-04-27
Data Engineer DevOps H/F,Cognizant,"Paris, Île-de-France, France",2023-04-13
Junior Business Analyst H/F CDD 6 mois,MSX International,"Massy, Île-de-France, France",2023-04-20
Business Analyst IT confirmé (métiers communication et innovation) F/H,TotalEnergies,"Courbevoie, Île-de-France, France",2023-05-02
Tech Lead Moteur de recherche Elasticsearch (freelance),SysCatalyst,"Île-de-France, France",2023-04-20
Ingénieur production Linux-Unix H/F,Inetum,"Courbevoie, Île-de-France, France",2023-04-23
"Senior AWS Infrastructure Engineer - Elite FinTech - €80,000-€140,000",Hunter Bond,"Paris, Île-de-France, France",2023-05-03
Junior Business Developer Health Solutions (H/F),Withings,"Issy-les-Moulineaux, Île-de-France, France",2023-04-12
EXPERT(E) CLOUD,Direction du numérique pour l'éducation,"Paris, Île-de-France, France",2023-04-20
Support Engineer Tableau Software - BI Tools (f/m/d),Decathlon Digital,"Paris, Île-de-France, France",2023-04-18
Computer Vision Engineer,Licorne Society,"Paris, Île-de-France, France",2023-05-02
Senior BI / DataViz Engineer (Tableau) - Sport & Products - BI Factory (f/m/d),Decathlon Digital,"Paris, Île-de-France, France",2023-04-21
Software Modeler,Reply,"Paris, Île-de-France, France",2023-04-13
"INGENIEUR PROJETS RESEAUX GAZ F/H - Système, réseaux, données (H/F)",ANTARGAZ,"Courbevoie, Île-de-France, France",2023-04-28
IT Manager,Procter & Gamble,"Paris, Île-de-France, France",2023-04-27
STAGE - Data Scientist (H/F),Allianz France,"Puteaux, Île-de-France, France",2023-04-21
Software Engineer (Python),Numberly,"Paris, Île-de-France, France",2023-04-21
BP²I - Data Engineer / Développeur TALEND - H/F,BNP Paribas,"Montreuil, Île-de-France, France",2023-04-24
"Senior BI Analyst (Bangkok-based, Relocation provided)",Agoda,"Paris, Île-de-France, France",2023-04-28
Internship - DevOps Engineer,Numberly,"Paris, Île-de-France, France",2023-04-21
"Senior AWS Infrastructure Engineer - Elite FinTech - €80,000-€140,000",Hunter Bond,"Paris, Île-de-France, France",2023-05-03
Senior BI / DataViz Engineer (Tableau) - Sport & Products - BI Factory (f/m/d),Decathlon Digital,"Paris, Île-de-France, France",2023-04-21
Développeur HTML5 / CSS3,MEDIATRANSPORTS,"Issy-les-Moulineaux, Île-de-France, France",2023-05-04
Software Modeler,Reply,"Paris, Île-de-France, France",2023-04-13
"INGENIEUR PROJETS RESEAUX GAZ F/H - Système, réseaux, données (H/F)",ANTARGAZ,"Courbevoie, Île-de-France, France",2023-04-28
IT Manager,Procter & Gamble,"Paris, Île-de-France, France",2023-04-27
STAGE - Data Scientist (H/F),Allianz France,"Puteaux, Île-de-France, France",2023-04-21
Software Engineer (Python),Numberly,"Paris, Île-de-France, France",2023-04-21
Développeur HTML5 / CSS3,MEDIATRANSPORTS,"Issy-les-Moulineaux, Île-de-France, France",2023-05-04
BP²I - Data Engineer / Développeur TALEND - H/F,BNP Paribas,"Montreuil, Île-de-France, France",2023-04-24
"Senior BI Analyst (Bangkok-based, Relocation provided)",Agoda,"Paris, Île-de-France, France",2023-04-28
Internship - DevOps Engineer,Numberly,"Paris, Île-de-France, France",2023-04-21
Expert Python H/F,GROUPE TREFLE,"Nanterre, Île-de-France, France",2023-04-18
SW development internship,Ericsson,"Palaiseau, Île-de-France, France",2023-05-04
Cloud Consultant,Stack Labs,"Paris, Île-de-France, France",2023-04-18
Financial Analyst (F/M),AXA en France,"Puteaux, Île-de-France, France",2023-05-04
Business analyste informatique Analytics Data (IT) / Freelance,Free-Work (ex Freelance-info Carriere-info),"Maisons-Alfort, Île-de-France, France",2023-04-28
Experimented / Web Project management/ multiple clients / Paris Based   - Bi Lingual English/ Italian,epresspack,"Paris, Île-de-France, France",2023-04-24
Consultant Digital Analytics Senior,Protelimp,"Paris, Île-de-France, France",2023-04-20
"Senior Statistical SAS Programmer - home- or office-based, EMEA",Labcorp,"Rueil-Malmaison, Île-de-France, France",2023-04-14
Junior SRE,iBanFirst,"Paris, Île-de-France, France",2023-04-17
Ingénieur Systèmes Linux Cloud,Maten,"Conflans-Ste.-Honorine, Île-de-France, France",2023-05-02
Ingénieur Systèmes Linux Cloud,Maten,"Mantes-la-Jolie, Île-de-France, France",2023-05-02
Ingénieur Systèmes Linux Cloud,Maten,"Guyancourt, Île-de-France, France",2023-05-02
Quality Analyst,Nielsen,"Bezons, Île-de-France, France",2023-04-26
Programmeur Consoles Next Gen (H/F/NB),QUANTIC DREAM,"Paris, Île-de-France, France",2023-04-08
Data Engineer Talend H/F,Talan,"Paris, Île-de-France, France",2023-04-24
Ingénieur systèmes Linux (H/F),Atos,"Bruyères-le-Châtel, Île-de-France, France",2023-04-20
IT Business Analyst,Arrow Electronics,"Courbevoie, Île-de-France, France",2023-04-13
Software Engineer-Support,Hilti Group,"Boulogne-Billancourt, Île-de-France, France",2023-05-03
Un Data analyste informatiquee sur Charenton-Le-Pont (IT) / Freelance,Free-Work (ex Freelance-info Carriere-info),"Charenton-le-Pont, Île-de-France, France",2023-04-24
Security Engineer (H/F/X),Yousign,"Paris, Île-de-France, France",2023-05-02
Chargé(e) de Data CRM F/H/NB - CDI,The Walt Disney Company,"Serris, Île-de-France, France",2023-04-15
Financial Analyst (F/M),AXA en France,"Puteaux, Île-de-France, France",2023-05-04
IT Business Analyst Senior H/F,Visian,"Levallois-Perret, Île-de-France, France",2023-04-30
Ingénieur Virtualisation VmWare H/F,INFIDIS,"Seine-St.-Denis, Île-de-France, France",2023-04-20
"Ingénieur d’études en production, traitement, analyse de données et enquêtes à L’observatoire (SFRI) H/F",Université Paris-Saclay,"Orsay, Île-de-France, France",2023-04-12
INGENIEUR INTEGRATION ET VALIDATION SYSTEME H/F,Nexter,"Versailles, Île-de-France, France",2023-05-02
Ingénieur Openstack  (H/F),Ovalo,"Neuilly-sur-Seine, Île-de-France, France",2023-04-11
Alternance - Data Scientist / ML Engineer (F/H),AXA en France,"Suresnes, Île-de-France, France",2023-04-18
Business Analyst H/F (H/F),Animalis,"Évry, Île-de-France, France",2023-05-03
Alternance Bac+5 - Data Scientist - Pilotage production Back Office – H/F,BNP Paribas,"Paris, Île-de-France, France",2023-05-03
Data engineer - AWS - SnowFlake (IT) / Freelance,Free-Work (ex Freelance-info Carriere-info),"Issy-les-Moulineaux, Île-de-France, France",2023-04-24
Ingénieur Systèmes Linux H/F I PARIS,Capgemini Engineering,"Île-de-France, France",2023-04-06
Business Developer - Forbes H/F,Scribeo media,"Paris, Île-de-France, France",2023-05-04
Développeur Power BI (h/f) (IT) / Freelance,Free-Work (ex Freelance-info Carriere-info),"Hauts-de-Seine, Île-de-France, France",2023-05-04
Machine Learning Engineer en Alternance,OpenClassrooms,"Paris, Île-de-France, France",2023-04-19
IT Business Analyst - Workday (f/m/d),Essity,"Paris, Île-de-France, France",2023-04-28
STAGE - Assistant(e) Business Analyst Retail Europe/France,maje,"Paris, Île-de-France, France",2023-04-11
Alternance - Data Scientist / ML Engineer (F/H),AXA en France,"Suresnes, Île-de-France, France",2023-04-18
Alternance Bac+5 - Data Scientist - Pilotage production Back Office – H/F,BNP Paribas,"Paris, Île-de-France, France",2023-05-03
Data engineer - AWS - SnowFlake (IT) / Freelance,Free-Work (ex Freelance-info Carriere-info),"Issy-les-Moulineaux, Île-de-France, France",2023-04-24
Ingénieur Systèmes Linux H/F I PARIS,Capgemini Engineering,"Île-de-France, France",2023-04-06
Développeur Power BI (h/f) (IT) / Freelance,Free-Work (ex Freelance-info Carriere-info),"Hauts-de-Seine, Île-de-France, France",2023-05-04
Machine Learning Engineer en Alternance,OpenClassrooms,"Paris, Île-de-France, France",2023-04-19
IT Business Analyst - Workday (f/m/d),Essity,"Paris, Île-de-France, France",2023-04-28
STAGE - Assistant(e) Business Analyst Retail Europe/France,maje,"Paris, Île-de-France, France",2023-04-11
"Customer Insights Analyst (Bangkok Based, Relocation Provided)",Agoda,"Paris, Île-de-France, France",2023-04-21
Cloud Engineer H/F en stage,iad Group,"Paris, Île-de-France, France",2023-05-04
Digital Internship - UX Conversion Rate Optimizer,Europcar Mobility Group,"17th arrondissement of Paris, Île-de-France, France",2023-04-25
Cloud Engineer H/F,Wemanity Group,"Paris, Île-de-France, France",2023-04-17
Business Analyst Salesforce (H/F/D),TeamWork Corporate,"Paris, Île-de-France, France",2023-04-29
Ingénieur(e)  système ADAS Ile de France F/H,Capgemini Engineering,"Issy-les-Moulineaux, Île-de-France, France",2023-04-11
Esthéticien(ne) Institut CDI 35h - H/F,E.Leclerc,"Rueil-Malmaison, Île-de-France, France",2023-04-19
Lead Backend Developer (Paris),Netatmo,"Paris, Île-de-France, France",2023-04-07
Job offer BP²I - DATA Engineer / Développeur Tableau - H/F - BNP Paribas,Jobs via eFinancialCareers,"Montreuil, Île-de-France, France",2023-05-03
Alternance - Développeur AR/VR F/H,Orange Business,"Nanterre, Île-de-France, France",2023-05-03
CDI - Responsable Pôle Statistique Internet F/H,Mediametrie,"Levallois-Perret, Île-de-France, France",2023-04-22
Ingénieur sauvegarde et virtualisation,MTI France SAS,"Croissy-sur-Seine, Île-de-France, France",2023-04-28
Consultant Expérimenté Automatisation/Data Analytics H/F,EY,"Paris, Île-de-France, France",2023-04-28
Edge Computing HW/SW Engineer,Reply,"Paris, Île-de-France, France",2023-04-17
Vlocity Devloper - H/F,Talan,"Paris, Île-de-France, France",2023-04-27
Ingénieur Méthodes and Données (H/F),Technip Energies,"Nanterre, Île-de-France, France",2023-04-17
